36	ja	upright	心が動くことを認め、愛情を受け取り返すカードです。感情を正解か不正解かで裁かず、自分を動かす大切なものを探りましょう。	好意を小さな言葉や行動で伝えてください。受け取ることにも心を開きましょう。	心が向く仕事や、人への思いやりを生かす読みです。何にやりがいを感じるか振り返ってください。	今日感じた喜びを一つ書きましょう。その喜びを増やす小さな行動を選んでください。	気持ちが強いだけで、相手も同じとは限りません。確認と同意を大切にしましょう。
36	mn	upright	Сэтгэл хөдөлснөө зөвшөөрч хайрыг хүлээн авч буцаан өгөхийг өгүүлнэ. Мэдрэмжийг зөв буруугаар шүүлгүй өөрийг хөдөлгөх чухал зүйлээ хай.	Хайраа жижиг үг, үйлдлээр илэрхийл. Хүлээн авахдаа ч нээлттэй бай.	Сэтгэл татсан ажил, халамжаа ашиглах үе. Юунд утга учир мэдэрдгээ эргэцүүл.	Өнөөдрийн нэг баяраа бич. Түүнийг нэмэх жижиг үйлдэл сонго.	Мэдрэмж хүчтэй ч нөгөө хүн адил гэсэн үг биш. Лавлаж, зөвшөөрлийг эрхэмлэ.
36	ja	reversed	気持ちを閉じ込めることと、感情にすべてを任せることの間で揺れていないか問います。まず感情を言葉にし、行動は落ち着いて選びましょう。	傷つく恐れから好意を拒んでいませんか。受け取れる範囲を率直に伝えてください。	やりがいの不足を見ないふりせず、負担と希望を整理しましょう。感情的な決断の前に相談してください。	今の気持ちを一語で書き、その理由を添えましょう。すぐに解決せず、認める時間を取ってください。	自分の感情を相手に全部処理してもらおうとしないでください。支えは複数持てます。
36	mn	reversed	Мэдрэмжээ түгжих болон бүхнийг мэдрэмжид даатгахын хооронд савласан эсэхийг асууна. Эхлээд мэдрэмжээ нэрлэж, үйлдлээ тайван сонго.	Шархлахаас айж хайрыг няцааж байна уу. Хүлээн авч чадах хэмжээгээ шулуун хэл.	Утга учир дутсаныг үл тоолгүй ачаа, хүслээ цэгцэл. Сэтгэлээр шийдэхээс өмнө зөвлөлд.	Одоогийн мэдрэмжээ нэг үгээр бичиж учрыг нэм. Шууд засахгүй, зөвшөөрөх цаг ав.	Бүх мэдрэмжээ нөгөө хүнээр шийдүүлэх гэж бүү оролд. Олон төрлийн дэмжлэгтэй байж болно.
37	ja	upright	互いの気持ちを確かめ、対等なつながりを育てるカードです。同じ気持ちを喜ぶことだけでなく、違いを認めて関係を選ぶ誠実さも含まれます。	好意が相互か、望む関係が一致するかを話してください。思い込みより対話が結びつきを支えます。	信頼できる協力関係をつくる読みです。期待する役割と提供できることを交換しましょう。	相手への希望を一つ伝え、相手の希望も聞いてください。双方が納得する小さな約束を決めましょう。	親密さのために交友関係をすべて閉じないでください。個人の世界も尊重しましょう。
37	mn	upright	Хоёр талын мэдрэмжийг шалгаж эрх тэгш холбоо хөгжүүлэхийг өгүүлнэ. Адил сэтгэлд баярлахаас гадна ялгааг зөвшөөрч сонгох үнэнч байдал багтана.	Хайр харилцан эсэх, хүссэн холбоо нийцэх эсэхийг ярь. Таамгаас илүү яриа холбоог дэмжинэ.	Итгэлтэй түншлэл бүтээх үе. Хүлээх үүрэг, өгч чадах зүйлээ солилц.	Нэг хүсэлтээ хэлээд нөгөө хүнийхийг сонс. Хоёул зөвшөөрөх жижиг амлалт тогтоо.	Ойртохын тулд бусад холбоогоо бүү хаа. Хувийн ертөнцийг ч хүндэтгэ.
37	ja	reversed	結びつきを求める気持ちが、依存や一方的な執着になっていないか問います。相手の気持ちを変えようとするより、現状を確かめることが先です。	断られた意思や距離を尊重してください。自分の生活と支えも取り戻しましょう。	特定の相手だけに頼ると、条件が偏る場合があります。役割と連絡経路を整理してください。	関係以外で自分を支える活動を一つ再開しましょう。余裕を持って対話に戻ってください。	不一致を自分の価値の否定にしないでください。相性と人格の価値は別です。
37	mn	reversed	Холбогдох хүсэл хараат байдал, нэг талын зууралдал болсон эсэхийг асууна. Сэтгэлийг нь өөрчлөхөөс өмнө бодит байдлыг шалга.	Татгалзсан хүсэл, зайг нь хүндэтгэ. Өөрийн амьдрал, түшгээ сэргээ.	Ганц хүнд найдах нь нөхцөлийг тэнцвэргүй болгож болно. Үүрэг, холбоо барих аргаа цэгцэл.	Энэ харилцаанаас гаднах нэг түшигтэй үйл ажиллагааг сэргээ. Тэнхээтэйгээр ярианд буц.	Үл нийцлийг өөрийн үнэ цэнийн няцаалт бүү болго. Тохироо, хүний үнэ цэнэ хоёр өөр.
38	ja	upright	感情を分かち合い、友情や共同体の支えを味わうカードです。喜びを表す行為や小さな手助けが、つながりを育てます。	二人だけでなく、信頼できる友人との交流も大切にしてください。楽しい時間を無理なく分かち合いましょう。	共感し合える仲間との協力を生かす読みです。互いの貢献を認めると活動が続きやすくなります。	感謝を伝えたい人へ連絡しましょう。一緒にできる小さな楽しみを提案してください。	同じ喜び方を全員に求めないでください。参加しない選択も尊重しましょう。
38	mn	upright	Мэдрэмжээ хуваалцаж нөхөрлөл, хамт олны түшгийг эдлэхийг өгүүлнэ. Баяраа илэрхийлэх, жижиг тус хүргэх нь холбоог ургуулна.	Хоёулангаас гадна итгэлтэй найзуудтайгаа ч холбоотой бай. Таатай цагаа дарамтгүй хуваалц.	Ойлголцдог хүмүүстэй хамтрах үе. Хувь нэмрээ үнэлбэл үйл ажиллагаа тогтвортой болно.	Талархах хүнтэйгээ холбогд. Хамт хийж болох жижиг баяр санал болго.	Бүгдээс ижил баярлахыг бүү шаард. Оролцохгүй сонголтыг ч хүндэтгэ.
38	ja	reversed	盛り上がりを深い愛情と混同したり、周囲に過剰な支援を求めたりしていないか問います。楽しい場でも、負担と境界線の確認が必要です。	友人の反応だけで相手への気持ちを決めないでください。二人の実際の関わりを見ましょう。	仲間意識だけで無理な依頼を引き受けないでください。担当と期限は明確にしてください。	交流の後に疲れが強い場面を見つけましょう。参加時間や回数を調整してください。	楽しさのために生活の必要を後回しにしないでください。休息と予定を守りましょう。
38	mn	reversed	Хөөрлийг гүн хайртай андуурах, бусдаас хэт дэмжлэг нэхсэн эсэхийг асууна. Хөгжилтэй орчинд ч ачаа, хилээ шалгах хэрэгтэй.	Найзуудын хариугаар сэтгэлээ бүү шийд. Та хоёрын бодит харилцааг хар.	Найзын холбооноос болж хэцүү хүсэлтийг бүү ав. Хариуцлага, хугацаагаа тодруул.	Уулзалтын дараа их ядардаг нөхцөлийг ол. Хугацаа, давтамжаа тохируул.	Зугааны төлөө өдөр тутмын хэрэгцээг бүү хойшлуул. Амралт, хуваариа хамгаал.
39	ja	upright	強い感情に流されず、今ある関係や支えを落ち着いて見直すカードです。原典の建設的な側面から、慣れの中にある価値を再発見する読みです。	刺激の少なさだけで愛情を測らないでください。続いてきた気遣いを具体的に認めましょう。	今の仕事の安定や積み重ねを点検してください。退屈と、安心して続けられることを区別しましょう。	日常で当然になった支えを三つ書いてください。一つに感謝を表しましょう。	安定を守ることが機会の拒否にならないようにしてください。新しい提案も一度は内容を聞きましょう。
39	mn	upright	Хүчтэй мэдрэмжид автахгүй, одоогийн холбоо ба түшгээ тайван харахыг өгүүлнэ. Эх сурвалжийн бүтээлч талаас дассан зүйл дэх үнэ цэнийг дахин олох уншлага юм.	Догдлол бага байгаагаар хайрыг бүү хэмж. Үргэлжилсэн халамжийг тодорхой үнэл.	Одоогийн ажлын тогтвортой байдал, хуримтлалыг шалга. Уйтгар болон тайван үргэлжлэхийг ялга.	Мэдээж мэт болсон гурван түшгээ бич. Нэгд нь талархлаа илэрхийл.	Тогтвортойг хамгаалах нь боломж няцаалт болохгүй байг. Шинэ саналыг нэг удаа ч болов сонс.
39	ja	reversed	慣れや退屈から、差し出された機会や人の好意を見逃していないか問います。変わらないことを望む気持ちが、関わる力を弱めている場合があります。	相手の気遣いを当然にしていませんか。最近の具体的な行動に目を向けて返事をしましょう。	興味が湧かない理由を整理してください。内容を知る前に新しい役割を拒んでいないか確かめましょう。	普段なら断る小さな誘いを一つ検討してください。負担の少ない範囲で試しましょう。	無気力を意志の弱さと決めつけないでください。疲れがあるなら休息を先に確保しましょう。
39	mn	reversed	Дасал, уйтгараас боломж эсвэл сайн сэтгэлийг өнгөрөөсөн эсэхийг асууна. Өөрчлөгдөхгүйг хүсэх нь оролцох хүчийг сулруулж болно.	Халамжийг нь мэдээж гэж үзсэн үү. Саяхны бодит үйлдлийг анзаарч хариу өг.	Сонирхолгүй шалтгаанаа цэгцэл. Мэдэхээсээ өмнө шинэ үүргийг няцаасан эсэхээ шалга.	Ер нь татгалздаг нэг жижиг урилгыг бодож үз. Ачаалал багатай хүрээнд турш.	Идэвхгүйг хүсэл зориггүй гэж бүү шийд. Ядарсан бол амралтаа түрүүлж хамгаал.
40	ja	upright	失ったものを悲しみながら、残る支えにも目を向けるカードです。悲しみを急いで消す必要はなく、現実を受け止める過程そのものに意味があります。	失望を認めたうえで、まだ話せることや支え合える部分を探しましょう。無理に元通りを求めないでください。	期待通りでなかった結果から、学べる点を整理する読みです。使える経験や協力関係を残しましょう。	失ったことと残ったことを別々に書いてください。残る支えに一つ働きかけましょう。	前向きさを急いで、悲しむ自分を責めないでください。回復の速さを他人と比べないようにしましょう。
40	mn	upright	Алдсандаа гуниглахын зэрэгцээ үлдсэн түшгээ харахыг өгүүлнэ. Гунигийг яаран арилгах шаардлагагүй, бодит байдлыг хүлээн авах явц өөрөө утгатай.	Урам хугарснаа зөвшөөрөөд ярьж, дэмжиж болох хэсгийг ол. Хүчээр хуучинд буцаах гэж бүү оролд.	Хүссэнээр болоогүй үр дүнгээс сурах үе. Хэрэгтэй туршлага, хамтын холбоогоо хадгал.	Алдсан, үлдсэн зүйлээ тусад нь бич. Үлдсэн нэг түшигт ханд.	Өөдрөг болох гэж яарч гунигаа бүү буруутга. Сэргэлтийн хурдаа бусадтай бүү харьцуул.
40	ja	reversed	過去の失敗や喪失を繰り返し思い返し、現在の選択が狭まっていないか問います。忘れることを目指すより、思い出があっても今日を生きる余地をつくりましょう。	以前の関係の痛みを、今の相手の行動と分けてください。確認した事実から関わり方を選びましょう。	失敗への恐れで挑戦をすべて避けていませんか。損失を限定できる小さな試行を検討してください。	今日必要な生活の行動を一つ終えましょう。気持ちが追いつく前でも、小さな足場はつくれます。	悲しみを手放せない自分をさらに責めないでください。話を聞いてくれる人を頼っても構いません。
40	mn	reversed	Өнгөрсөн алдаа, гарзыг давтан бодоод өнөөдрийн сонголт хумигдсан эсэхийг асууна. Мартахын оронд дурсамжтайгаа зэрэг өнөөдрөө амьдрах зай гарга.	Өмнөх холбооны өвдөлт, одоогийн хүний үйлдлийг ялга. Шалгасан баримтаар харилцах аргаа сонго.	Алдахаас айж бүх сорилтоос зайлсан уу. Гарзыг хязгаарлах жижиг туршилт бод.	Өнөөдрийн хэрэгтэй нэг ажлыг дуусга. Сэтгэл дагаагүй ч жижиг суурь бүтээж болно.	Гунигаа тавьж чадахгүйдээ дахин бүү буруутга. Сонсох хүнд түшиглэж болно.
41	ja	upright	見返りを急がず、自分の時間や技能を分ける喜びを表します。原典では、互いに役立つ関わりや善意の行動に重点があります。	昔の思い出だけでなく、今できる親切を大切にしてください。小さな助けが温かさを育てます。	経験を教えたり、仲間の作業を支えたりする読みです。無理のない範囲で知識を分けましょう。	返礼を期待せずできる親切を一つ選んでください。相手が必要としているかも確認しましょう。	親切を断られても、自分の価値の否定にしないでください。相手には受け取らない自由もあります。
41	mn	upright	Хариуг яарахгүй цаг, чадвараа хуваалцах баярыг илэрхийлнэ. Эх сурвалж харилцан тустай холбоо, сайн санааны үйлдлийг онцолдог.	Хуучин дурсамжаас гадна одоо хийх сайхан сэтгэлээ эрхэмлэ. Жижиг тус дулааныг өсгөнө.	Туршлага заах, хамтрагчийн ажлыг дэмжих үе. Боломжийн хүрээнд мэдлэгээ хуваалц.	Хариу хүлээхгүй нэг тус сонго. Үнэхээр хэрэгтэй эсэхийг нь шалга.	Тусыг татгалзвал өөрийн үнэ цэнийн няцаалт бүү болго. Хүлээн авахгүй эрх түүнд бий.
41	ja	reversed	親切や援助が、評価を得るための手段になっていないか問います。助ける側も受け取る側も、実際の必要に目を向けることが大切です。	尽くした量で愛情を測らないでください。見返りへの期待があるなら、率直に話しましょう。	貢献を誇ることより、必要な支援が届くことを優先してください。役割の偏りも確認しましょう。	助ける動機を一度振り返ってください。無理なく引き受けられる範囲へ調整しましょう。	困っている人の状況を、自分の利益に利用しないでください。援助の条件は透明にしてください。
41	mn	reversed	Сайхан сэтгэл, тусламж үнэлгээ авах хэрэгсэл болсон эсэхийг асууна. Өгөх, авах хоёр тал бодит хэрэгцээг харах нь чухал.	Зориулсан хэмжээгээр хайрыг бүү хэмж. Хариу хүлээж байвал шулуун ярь.	Хувь нэмрээр гайхуулахаас илүү тус хүрэхийг эрхэмлэ. Үүргийн тэнцвэрийг шалга.	Туслах сэдлээ эргэн хар. Боломжийн хүрээнд ачаагаа тохируул.	Хүний бэрхшээлийг ашиг хонжоонд бүү хэрэглэ. Тусламжийн нөхцөлийг ил тод байлга.
42	ja	upright	望む未来を思い描き、創造的な解決を探すカードです。想像は動機になりますが、具体的な行動へつなぐと力を発揮します。	理想の関係を話すことで、互いの希望を知れます。実現できる小さな過ごし方へ落とし込みましょう。	複数の案を出す段階として読めます。発想を広げた後に、条件で候補を絞ってください。	望む状態を一つ描き、そこへ近づく行動を書いてください。今週できるものを選びましょう。	想像した未来を既定の結果にしないでください。実際の反応に合わせて更新しましょう。
42	mn	upright	Хүссэн ирээдүйгээ төсөөлж бүтээлч шийдэл хайхыг өгүүлнэ. Төсөөлөл сэдэл болдог ч үйлдэлтэй холбовол хүчээ гаргана.	Хүссэн харилцаагаа яривал бие биеийн хүслийг мэднэ. Хэрэгжих жижиг хамтын цаг болго.	Олон санаа гаргах үе. Тэлсний дараа нөхцөлөөр хувилбараа цөөл.	Хүссэн нэг байдлаа дүрслээд ойртуулах үйлдлээ бич. Энэ долоо хоногт хийхийг сонго.	Төсөөлсөн ирээдүйг тогтсон үр дүн бүү болго. Бодит хариунд тааруулж шинэчил.
42	ja	reversed	夢や不安の中で考える時間が増え、行動と結果の確認が減っていないか問います。可能性を並べるだけでなく、一つ選んで試す段階です。	まだ起きていない展開を想像しすぎないでください。今の会話や行動から相手を知りましょう。	選択肢を増やし続けず、実現条件を確認してください。小さな検証で候補を減らしましょう。	案を一つ選び、試す期限を決めてください。予想した結果と実際の結果を比べましょう。	怖い想像も魅力的な夢も、同じく未確認です。判断の根拠を区別してください。
42	mn	reversed	Мөрөөдөл, айдас дотор бодох цаг өсөж үйлдэл, шалгалт багассан эсэхийг асууна. Боломж жагсаахаас нэгийг сонгон турших шат юм.	Болоогүй өрнөлийг хэт төсөөлөхгүй бай. Одоогийн яриа, үйлдлээр хүнийг тань.	Сонголтоо нэмсээр бус хэрэгжих нөхцөлийг шалга. Жижиг сорилоор хувилбараа цөөл.	Нэг санаа, турших хугацаа сонго. Таамаг ба бодит үр дүнг харьцуул.	Аймшигтай төсөөлөл, сайхан мөрөөдөл хоёул шалгагдаагүй. Дүгнэлтийн үндэслэлийг ялга.
43	ja	upright	今の環境では満たせない必要に気づき、別の道を探すカードです。離れることは敗北とは限らず、自分の価値観へ戻る選択にもなります。	続け方を変える必要があるか、自分の希望を確認してください。距離を取るなら理由と境界線を伝えましょう。	働き方や役割を見直す読みです。次の準備を整えながら、移行の条件を確認しましょう。	今の場所で得られるものと得られないものを書いてください。次に必要な条件を明確にしましょう。	不満があるだけで直ちにすべて離れる必要はありません。調整できる余地も検討してください。
43	mn	upright	Одоогийн орчин хангахгүй хэрэгцээг таньж өөр зам хайхыг өгүүлнэ. Холдох нь ялагдал бус, үнэт зүйлдээ буцах сонголт байж болно.	Үргэлжлэх аргаа өөрчлөх хэрэгтэй эсэх, хүслээ шалга. Зай авбал учир, хилээ хэл.	Ажлын хэлбэр, үүргийг дахин харах үе. Дараагийн бэлтгэлтэй хамт шилжих нөхцөлийг шалга.	Эндээс авах, авч чадахгүй зүйлээ бич. Дараа хэрэгтэй нөхцөлийг тодруул.	Гомдолтой гээд шууд бүгдийг орхих албагүй. Тохируулах боломжийг ч бод.
43	ja	reversed	よりよいものを求める気持ちが、問題から逃げる習慣になっていないか問います。離れると脅して希望を通すより、必要を直接伝えることが大切です。	小さな欠点を理由に距離を繰り返していませんか。向き合うべき話題を一つ選びましょう。	環境を変える前に、繰り返す不満の原因を整理してください。自分の対応で変わる部分もあります。	去りたい理由を具体的な出来事で書いてください。対話で調整するか移行するかを選びましょう。	別れや退職を交渉の脅しに使わないでください。本当に選ぶ意思があるか確認しましょう。
43	mn	reversed	Илүү сайхныг хүсэх нь асуудлаас зугтах дадал болсон эсэхийг асууна. Явна гэж сүрдүүлэхийн оронд хэрэгцээгээ шууд хэлэх нь чухал.	Жижиг дутагдлаар дахин дахин холдсон уу. Нүүр тулах нэг сэдэв сонго.	Орчноо солихоос өмнө давтагдсан гомдлын учрыг цэгцэл. Өөрийн хариугаар өөрчлөгдөх хэсэг ч бий.	Явах шалтгаанаа тодорхой явдлаар бич. Ярилцаж тохируулах уу, шилжих үү гэдгээ сонго.	Салалт, ажлаас гарахыг сүрдүүлэг бүү болго. Үнэхээр сонгох хүсэл байгаа эсэхээ шалга.
44	ja	upright	自分の達成を認め、今ある喜びを十分に味わうカードです。満足を受け取ることは、次の努力をやめることではありません。	相手にすべてを満たしてもらうより、自分の充足も大切にしてください。余裕から好意を分かち合えます。	一区切りの成果を認める読みです。できた理由を振り返り、休む時間も確保しましょう。	満足していることを三つ挙げてください。そのうち一つをゆっくり楽しみましょう。	願いが必ずかなうという保証ではありません。達成したことと望んでいることを分けてください。
44	mn	upright	Ололтоо хүлээн зөвшөөрч одоогийн баяраа эдлэхийг өгүүлнэ. Ханамж авах нь дараагийн хичээл зүтгэлийг зогсоох гэсэн үг биш.	Бүхнийг хамтрагчаар хангуулалгүй өөрийн ханамжийг ч эрхэмлэ. Тэнхээтэй үед сайн сэтгэлээ хуваалцана.	Нэг үеийн үр дүнгээ үнэлэх цаг. Болсон учрыг эргэцүүлж амралт гарга.	Сэтгэл ханасан гурван зүйлээ нэрлэ. Нэгийг нь тайван эдэл.	Хүсэл заавал биелэх баталгаа биш. Биелсэн, хүсэж буй зүйлээ ялга.
44	ja	reversed	自分だけの満足や過剰な楽しみが、必要な責任を押しのけていないか問います。何を得ても足りないと感じるなら、量より必要の中身を見直しましょう。	自分の快適さだけで予定を決めないでください。相手がどう感じているか聞きましょう。	達成したつもりで残る仕事を避けていませんか。完了条件を確認し、仕上げをしてください。	欲しいものの先に求める気持ちを書いてください。別の満たし方も考えましょう。	一時の満足のために他者の負担を増やさないでください。楽しみの後の影響も見ましょう。
44	mn	reversed	Зөвхөн өөрийн ханамж, хэт таашаал хэрэгтэй хариуцлагыг шахсан эсэхийг асууна. Юу авсан ч дутвал хэмжээнээс илүү жинхэнэ хэрэгцээгээ хар.	Зөвхөн өөрийн тухаар хуваарь бүү шийд. Нөгөө хүн яаж мэдэрч байгааг асуу.	Дууссан мэт үзээд үлдсэн ажлаас зайлсан уу. Дуусах шалгуурыг шалгаж гүйцээ.	Хүссэн зүйлийн цаана ямар мэдрэмж хүсэж байгаагаа бич. Өөрөөр хангах аргыг бод.	Түр таашаалын төлөө бусдын ачааг бүү нэм. Дараах нөлөөг нь ч хар.
45	ja	upright	身近なつながりの中で、深い感謝と安心を味わうカードです。理想の家族像に合わせるより、自分たちにとっての幸せを認める読みです。	日常を支えている行動へ感謝を伝えてください。互いに安心できる関係の形を育てましょう。	信頼や協力が働く満足につながる場面です。成果だけでなく、よい関係も資産として大切にしてください。	誰のおかげで今の生活が成り立つか振り返りましょう。具体的な一言で感謝を届けてください。	幸せな関係にも違いや不満はあります。話し合いが不要になったとは考えないでください。
45	mn	upright	Ойрын холбоонд гүн талархал, амар тайвныг эдлэхийг өгүүлнэ. Төгс гэр бүлийн загварт нийцүүлэх бус өөрсдийн жаргалыг зөвшөөрөх уншлага.	Өдөр тутмыг дэмжсэн үйлдэлд таларх. Хоёул тайван байх холбооны хэлбэрээ ургуул.	Итгэл, хамтын ажиллагаа ажлын ханамж өгөх үе. Үр дүнгээс гадна сайн холбоог баялаг гэж үз.	Хэний ачаар амьдрал тань бүтэж байгааг бод. Тодорхой үгээр талархлаа хүргэ.	Жаргалтай холбоонд ч ялгаа, гомдол бий. Ярилцах хэрэггүй болсон гэж бүү бод.
45	ja	reversed	理想化した幸せと比較し、現実の関係を低く見ていないか問います。感情の強さより、日々続けられる配慮を基準に戻しましょう。	他人の家庭や恋愛の見え方と比べすぎないでください。二人に必要なことを直接話しましょう。	理想の職場像だけで現在を否定していませんか。改善可能な条件を具体化してください。	自分にとって安心とは何か、行動で三つ書いてください。その一つを日常に加えましょう。	外から見える幸せは全体ではありません。比較を理由に急な決断をしないでください。
45	mn	reversed	Төгс жаргалтай харьцуулаад бодит холбоогоо дутуу үнэлсэн эсэхийг асууна. Мэдрэмжийн хүчээс илүү өдөр бүр үргэлжлэх халамжид буц.	Бусдын гэр бүл, хайрын харагдах байдалтай хэт бүү харьцуул. Та хоёрт хэрэгтэйг шууд ярь.	Төгс ажлын төсөөллөөр одоогийнхоо бүхнийг няцаасан уу. Сайжруулах нөхцөлийг тодруул.	Амар тайван гэдгийг гурван үйлдлээр бич. Нэгийг өдөр тутамдаа нэм.	Гаднаас харагдах жаргал бүхэл зураг биш. Харьцуулалтаар огцом шийдвэр бүү хий.
46	ja	upright	新しく芽生えた感情を、素直に知っていくカードです。初めてのときめきや想像を楽しみながら、自分の表現を学ぶ段階です。	気持ちを小さく伝えることから始めましょう。相手の反応を急がず、知り合う時間を大切にしてください。	感性を使った新しい試みに向く読みです。未熟さを隠さず、感じたことを案へ変えてください。	心が動いた場面を一つ記録しましょう。短い文章や絵で表してみてください。	憧れと実際の相手を区別してください。想像だけで関係が成立したとは考えないでください。
46	mn	upright	Шинээр соёолсон мэдрэмжээ үнэнээр танихыг өгүүлнэ. Анхны догдлол, төсөөллөө эдлэхийн зэрэгцээ илэрхийлэх аргаа сурна.	Мэдрэмжээ багахан илэрхийлэхээс эхэл. Хариуг яаралгүй танилцах цагаа эрхэмлэ.	Мэдрэмж ашигласан шинэ оролдлогод тохирно. Туршлагагүйгээ нуухгүй, мэдэрснээ санаа болго.	Сэтгэл хөдөлсөн нэг мөчөө тэмдэглэ. Богино бичвэр эсвэл зургаар илэрхийл.	Мөрөөдсөн дүр, бодит хүнийг ялга. Төсөөллөөр харилцаа тогтсон гэж бүү үз.
46	ja	reversed	好意的な行動を恋愛の意図と決めつけたり、経験を大きく見せたりしていないか問います。素直さは、分からないことを認めるところから戻ります。	小さな親切だけで相手の気持ちを断定しないでください。関係を確かめる会話を重ねましょう。	印象をよくするための大げさな表現を減らしてください。実際にできることを伝えましょう。	事実と願望を別々に書いてください。確かめられる一つの質問を選びましょう。	気持ちが未熟だと自分を責めないでください。経験を重ねながら学ぶ余地があります。
46	mn	reversed	Сайн хандлагыг романтик санаа гэж шийдэх, туршлагаа хэтрүүлсэн эсэхийг асууна. Мэдэхгүйгээ зөвшөөрөхөөс чин байдал сэргэнэ.	Жижиг тус төдийд сэтгэлийг нь бүү тогтоо. Холбоогоо лавлах яриаг үргэлжлүүл.	Сайхан харагдах хэт үгээ багасга. Үнэхээр хийж чадах зүйлээ хэл.	Баримт, хүслээ тусад нь бич. Лавлаж болох нэг асуулт сонго.	Мэдрэмж төлөвшөөгүйдээ өөрийгөө бүү буруутга. Туршлагаар сурах зай бий.
47	ja	upright	理想や情熱を大切にして、心が向く方向へ関わるカードです。直感を出発点にしながら、現実の情報を添えると献身が持続します。	思いを率直に表す読みです。魅力的な約束より、実際に守れる行動で示しましょう。	意義を感じる活動へ力を注ぐ場面です。理想を作業計画へ変えて、協力者と共有してください。	大切にしたい理想を一つ言葉にしましょう。そのためにできる具体的な貢献を選んでください。	情熱があることと、その方法が正しいことは別です。反対の情報にも耳を傾けましょう。
47	mn	upright	Үнэт идеал, хүсэл тэмүүллээр сэтгэл татах зүгт оролцохыг өгүүлнэ. Зөнг эхлэл болгож бодит мэдээлэл нэмбэл зориулалт тогтвортой болно.	Сэтгэлээ шулуун илэрхийлэх үе. Сайхан амлалтаас илүү биелүүлэх үйлдлээр үзүүл.	Утгатай үйл ажиллагаанд хүчээ өгөх үе. Идеалаа ажлын төлөвлөгөө болгож хуваалц.	Эрхэмлэх нэг идеалаа нэрлэ. Түүнд хийх бодит хувь нэмрээ сонго.	Хүсэл хүчтэй нь арга зөв гэсэн үг биш. Эсрэг мэдээллийг ч сонс.
47	ja	reversed	強い思いが、反証を拒む頑なさや嫉妬につながっていないか問います。心の声を大切にしつつ、感情だけに判断を任せないようにしましょう。	不安を理由に相手を試したり問い詰めたりしないでください。気持ちと確認したい事実を分けて話しましょう。	理想への熱意だけで反対意見を退けないでください。課題を指摘する人も協力者になり得ます。	信じている案に不利な情報を一つ探しましょう。それを踏まえて方法を修正してください。	周囲の盛り上がりに合わせて無理な約束をしないでください。自分の余力を確認しましょう。
47	mn	reversed	Хүчтэй сэтгэл эсрэг баримт няцаах зөрүүд байдал, атаархал болсон эсэхийг асууна. Дотоод дуугаа сонсохын зэрэгцээ зөвхөн мэдрэмжээр бүү шийд.	Түгшүүрээрээ хүнийг сорьж, байцаахгүй бай. Мэдрэмж, шалгах баримтаа ялгаж ярь.	Идеалын халуунаар эсрэг саналыг бүү няцаа. Асуудал хэлсэн хүн ч хамтрагч байж болно.	Итгэсэн санаанд таарахгүй нэг мэдээлэл хай. Түүнийг тооцоод аргаа зас.	Олны хөөрөлд нийцэж хэт амлалт бүү өг. Өөрийн тэнхээг шалга.
48	ja	upright	他者の感情を受け止め、思いやりを行動へ変えるカードです。共感しながらも自分の立場を保つことで、持続する支えになります。	すぐ解決策を出す前に、相手の話を聞いてください。助言と共感のどちらが必要か尋ねましょう。	利用者や仲間の気持ちを理解する読みです。聞いた必要を具体的な改善へつなげてください。	誰かの話を遮らずに聞く時間を取りましょう。聞いた内容を短く確認して返してください。	相手の感情が分かったつもりにならないでください。共感は推測なので、本人に確認しましょう。
48	mn	upright	Бусдын мэдрэмжийг хүлээн авч халамжийг үйлдэл болгохыг өгүүлнэ. Ойлголцохын зэрэгцээ өөрийн байр сууриа хадгалбал дэмжлэг үргэлжилнэ.	Шууд шийдэл өгөхөөс өмнө сонс. Зөвлөгөө юу, ойлгуулж сонсуулах уу гэдгийг асуу.	Хэрэглэгч, хамтрагчийн мэдрэмжийг ойлгох үе. Сонссон хэрэгцээг бодит сайжруулалт болго.	Хүнийг таслалгүй сонсох цаг ав. Сонссоноо товч бататгаж хариул.	Мэдрэмжийг нь мэдсэн мэт бүү үз. Өрөвдөх ойлголт ч таамаг тул өөрөөс нь шалга.
48	ja	reversed	人の感情を抱え込みすぎて、自分が動けなくなっていないか問います。共感が支配や自己犠牲へ変わる前に、できる支援の範囲を整えましょう。	相手の機嫌を自分の責任にしないでください。寄り添いつつ、自分の必要も伝えましょう。	相談を受け続けて仕事が進まないなら、時間の枠を設けてください。適切な担当へつなぐことも支援です。	今抱えている感情が誰のものか整理してください。自分のための静かな時間を確保しましょう。	「あなたのため」を相手の選択を奪う理由にしないでください。助け方は本人と相談しましょう。
48	mn	reversed	Бусдын мэдрэмжийг хэт үүрээд өөрөө хөдөлж чадахгүй болсон эсэхийг асууна. Ойлголцол хяналт эсвэл золиос болохоос өмнө туслах хүрээгээ тогтоо.	Нөгөө хүний аашийг өөрийн хариуцлага бүү болго. Хажууд нь байхын зэрэгцээ хэрэгцээгээ хэл.	Зөвлөгөө сонссоор ажил зогсвол цагийн хүрээ тогтоо. Зохих хүнд холбох нь ч тусламж.	Үүрсэн мэдрэмж хэнийх болохыг ялга. Өөртөө тайван цаг гарга.	Чиний төлөө гэдгээр сонголтыг нь бүү булаа. Туслах аргаа өөртэй нь тохир.
49	ja	upright	困難な場面でも落ち着きを保ち、人の気持ちを含めて公平に判断するカードです。感情を消すのでなく、振り回されずに扱う成熟を表します。	意見が違っても、相手の感情を認めてから希望を伝えてください。穏やかさと率直さを両立しましょう。	対立の調整や相談役として力を発揮する読みです。規則の目的と人への影響を一緒に考えてください。	難しい話の前に、自分の気持ちを整理しましょう。その後で相手に確認する問いを用意してください。	落ち着いている人にも負担はあります。自分だけが支える役にならないようにしましょう。
49	mn	upright	Хэцүү үед тайван байж мэдрэмжийг тооцон шударга шийдэхийг өгүүлнэ. Мэдрэмжийг арилгах бус түүнд савлахгүй хандах төлөвшил юм.	Санал зөрсөн ч эхлээд мэдрэмжийг нь зөвшөөрөөд хүслээ хэл. Тайван, шулуун хоёрыг хослуул.	Зөрчил зохицуулах, зөвлөхөд чадвараа хэрэглэх үе. Дүрмийн зорилго, хүнд үзүүлэх нөлөөг хамт бод.	Хэцүү ярианы өмнө сэтгэлээ цэгцэл. Дараа нь асуух асуултаа бэлтгэ.	Тайван хүнд ч ачаа бий. Ганцаар дэмжигч болохгүй бай.
49	ja	reversed	感情を抑えすぎて冷たくなったり、感情的な弱みを使って人を動かしたりしていないか問います。穏やかな外見だけでなく、判断の意図を確かめましょう。	沈黙や罪悪感で相手を従わせないでください。要求があるなら明確に伝えましょう。	配慮のない決定や隠れた目的を点検してください。判断理由を説明し、影響を受ける人の声を聞きましょう。	言わずに相手へ期待していることを書いてください。対等に相談できる言葉へ変えましょう。	落ち着きと感情の切り捨ては別です。自分のつらさも認めてください。
49	mn	reversed	Мэдрэмжээ хэт дарж хүйтэн болох эсвэл эмзэг талыг ашиглан хүнийг удирдсан эсэхийг асууна. Тайван гаднах төрхөөс гадна шийдвэрийн санааг шалга.	Чимээгүй байдал, гэмшлээр хүнийг бүү захир. Шаардлагаа тодорхой хэл.	Хайхрамжгүй шийдвэр, далд зорилгыг шалга. Учрыг тайлбарлаж нөлөөлөгдсөн хүмүүсийг сонс.	Хэлэлгүй хүлээж буй зүйлээ бич. Эрх тэгш ярилцах үг болго.	Тайван байх, мэдрэмжийг таслах хоёр өөр. Өөрийн хэцүүг ч зөвшөөр.
