0	ja	upright	慣れた枠を越え、新しい経験から自分の可能性を知るカードです。すべてを理解してから動くより、小さく試すことで道が見えてきます。好奇心と最低限の備えを両立させましょう。	肩書や過去の経験で相手を決めつけず、会話を楽しんでください。新鮮さを大切にしながら、お互いの希望も確かめましょう。	未経験の分野を学ぶ入口として読めます。転職などの大きな決断の前に、短い講座や小規模な企画で適性を試してください。	気になっていたことを一つ選び、今日できる最初の一歩を書きましょう。失敗しても戻れる範囲から始めてください。	自由は約束や責任をなくすことではありません。楽しさに夢中でも、時間や費用の上限は確認しましょう。
0	mn	upright	Энэ хөзөр дассан хүрээнээсээ гарч, шинэ туршлагаар боломжоо танихыг өгүүлнэ. Бүхнийг урьдчилан мэдэхийг хүлээлгүй, багахан туршилтаар замаа олж болно. Сониуч зангаа наад захын бэлтгэлтэй хослуулаарай.	Хүнийг нэр хүнд эсвэл өнгөрсөн туршлагаараа бүү дүгнэ. Яриагаа таашаахын зэрэгцээ бие биеийн хүсэл, хүлээлтийг асуугаарай.	Танил бус салбарыг сурах эхлэл гэж уншиж болно. Ажлаа солихоос өмнө богино сургалт эсвэл жижиг төслөөр өөрийгөө сорь.	Сонирхсон нэг зүйлээ сонгож, өнөөдөр хийх эхний алхмаа бич. Алдсан ч буцаж болох хэмжээнээс эхлээрэй.	Эрх чөлөө амлалт, хариуцлагыг үгүй болгохгүй. Догдолж байсан ч цаг, зардлын хязгаараа шалгаарай.
0	ja	reversed	新しさへの憧れが、準備不足や落ち着かなさにつながっている可能性を示します。反対に、失敗を恐れて入口で止まっている場合もあります。何を知らず、何を怖がっているのか分けて考えましょう。	勢いだけで関係を進めたり、不安から距離を置きすぎたりしていませんか。約束を増やす前に、安心できる速さを話し合ってください。	見切り発車や着手の先延ばしを点検する場面です。必要な情報と相談相手をそろえてから、期限を決めましょう。	迷いを「情報不足」と「失敗への恐れ」に分けて書いてください。それぞれに一つずつ対応策をつくりましょう。	魅力的な誘いを、確かめずに信用しないでください。経験不足を隠すより、質問するほうが自分を守れます。
0	mn	reversed	Шинэ зүйлд татагдах нь бэлтгэлгүй, тогтворгүй үйлдэлд хүрч байж болно. Эсвэл алдахаас айж эхлэл дээрээ зогссон байж мэднэ. Мэдэхгүй зүйл, айж буй зүйлээ ялгаж хараарай.	Зөвхөн догдлолоор яарах эсвэл айдсаасаа болж хэт холдож байна уу. Илүү их амлалт өгөхөөс өмнө хоёуланд тохирох хурдаа ярилц.	Бэлтгэлгүй эхлэх болон эхлэлээ хойшлуулахыг шалгах үе. Хэрэгтэй мэдээлэл, зөвлөх хүнээ олж, дараа нь хугацаагаа тогтоо.	Эргэлзээгээ мэдээлэл дутсан хэсэг, алдахаас айсан хэсэг гэж бич. Тус бүрд нэг арга хэмжээ сонгоорой.	Сэтгэл татам саналыг шалгалгүй бүү итгэ. Туршлагагүйгээ нуухаас илүү асуух нь өөрийгөө хамгаална.
1	ja	upright	持っている知識や道具を、目的に合った行動へ変えるカードです。才能を証明するだけでなく、何のために使うかが問われます。小さな実行を重ねることで、自分らしい力の使い方が育ちます。	好意は言葉だけでなく、具体的な気遣いで伝わります。相手を感心させるより、自然な自分を見せましょう。	学んだ技能を実際の成果物に変える好機として読めます。使える資源を整理し、完成させるものを一つ決めてください。	目標に必要な技能と、すでに持つ技能を並べましょう。足りない部分だけを練習し、すぐ実践へ戻してください。	できることを大きく見せる必要はありません。結果を約束する前に、実行できる範囲を確認しましょう。
1	mn	upright	Мэдлэг, хэрэгслээ зорилгод нийцсэн үйлдэл болгохыг энэ хөзөр өгүүлнэ. Авьяасаа харуулахаас гадна юунд ашиглахаа бодох хэрэгтэй. Жижиг ажлыг хийж дуусгаснаар өөрийн арга барил төлөвшинө.	Халамжаа үгээр төдийгүй бодит үйлдлээр илэрхийл. Гайхшруулах гэж хичээхээс илүү өөрийнхөөрөө байгаарай.	Сурсан чадвараа бодит бүтээл болгох боломж гэж уншиж болно. Байгаа нөөцөө жагсааж, дуусгах нэг ажлаа сонго.	Зорилгод хэрэгтэй болон өөрт байгаа чадвараа харьцуул. Дутуу хэсгээ дадлагажуулаад практикт эргэн ор.	Чадвараа хэтрүүлэн харуулах шаардлагагүй. Үр дүн амлахаасаа өмнө хийж чадах хүрээгээ шалга.
1	ja	reversed	見せ方が実力を上回ったり、才能を相手の操作に使ったりする偏りを問いかけます。結果を急ぐあまり、練習や誠実な説明を省いていないか見直しましょう。力を取り戻す入口は、できないことを認めることです。	駆け引きで気持ちを確かめようとすると信頼が減ります。望んでいることを、相手が断れる形で伝えてください。	誇張した実績や、準備不足の提案を点検しましょう。不足する技能を補い、成果の根拠を示してください。	最近の約束を一つ選び、実行状況を確認しましょう。難しい部分は早めに説明し、条件を調整してください。	説得力のある話と、裏付けのある話は別です。自分にも相手にも、確認できる事実を求めましょう。
1	mn	reversed	Харагдах байдал бодит чадвараас давсан эсвэл авьяасаа бусдыг удирдахад ашигласан эсэхийг эргэцүүлнэ. Үр дүнг яаруулахдаа дадлага, үнэнч тайлбарыг алгассан уу. Чадахгүйгээ хүлээн зөвшөөрөхөөс хүчээ сэргээж болно.	Сэтгэлийг нь шалгах тоглоом итгэлийг сулруулна. Хүссэнээ нөгөө хүн татгалзах эрхтэйгээр илэрхийл.	Хэтрүүлсэн амжилт, бэлтгэлгүй саналаа шалга. Дутуу чадвараа нөхөж, үр дүнгийн нотолгоогоо үзүүл.	Саяхны нэг амлалтаа сонгож, биелэлтийг нь шалга. Хэцүү хэсгийг эрт хэлж, нөхцөлөө тохируул.	Үнэмшилтэй яриа бүхэн баримттай биш. Өөрөөсөө ч, бусдаас ч шалгаж болох үндэслэл хүс.
2	ja	upright	すぐに結論を出さず、表面の言葉と内側の感覚を静かに観察するカードです。言葉にならない違和感も、自分を理解する材料になります。直感は答えの断定ではなく、確かめたい問いとして扱いましょう。	沈黙を拒絶と決めつけず、相手が話せる余地を残してください。自分の気持ちにも耳を傾け、急いで関係を定義しないでください。	調査や観察を深める段階として読めます。会議の印象だけで決めず、背景の情報を集めましょう。	静かに過ごす時間を取り、気になったことを記録してください。後から事実と照らすと、感覚の意味が見えてきます。	秘密を尊重することと、必要な情報を隠すことは違います。共有すべき内容と個人の領域を分けましょう。
2	mn	upright	Шууд дүгнэхгүйгээр хэлсэн үг болон дотоод мэдрэмжээ ажиглахыг өгүүлнэ. Үгээр хэлэхэд хэцүү тухгүй мэдрэмж ч өөрийгөө ойлгох материал болно. Зөн совингоо баттай хариулт бус, шалгах асуулт болгоорой.	Чимээгүйг татгалзалт гэж бүү шийд. Ярих орон зай үлдээж, өөрийн мэдрэмжээ ч сонсон харилцаагаа яаран тодорхойлохгүй бай.	Судалгаа, ажиглалтыг гүнзгийрүүлэх үе гэж уншиж болно. Хурлын сэтгэгдлээр шийдэхгүй, суурь мэдээллээ цуглуул.	Тайван суух цаг гаргаж, анхаарал татсан зүйлээ тэмдэглэ. Дараа нь баримттай тулгахад мэдрэмжийн учир тодорно.	Нууцыг хүндэтгэх нь хэрэгтэй мэдээллийг нуухтай адилгүй. Хуваалцах зүйл, хувийн орон зайг ялга.
2	ja	reversed	心の声を無視する一方で、見えない意図を想像しすぎている可能性を示します。考え続けても確証が増えないなら、観察から対話へ移る時です。距離を取る理由が慎重さか恐れかも見直しましょう。	連絡の間隔だけで隠し事を推測しないでください。気になった出来事を具体的に挙げ、落ち着いて尋ねましょう。	うわさや閉じた情報が判断を曇らせる場面です。担当者に確認し、判断の根拠を共有してください。	「実際に見たこと」と「想像したこと」を分けて書きましょう。一つだけ確認できる質問を選んでください。	直感を絶対視して、反する事実を退けないでください。個人の秘密を暴くことも解決にはなりません。
2	mn	reversed	Дотоод мэдрэмжээ үл тоохын зэрэгцээ далд санааг хэт төсөөлж байж болно. Бодсоор ч нотолгоо нэмэгдэхгүй бол ажиглалтаас ярианд шилжих цаг. Холдох шалтгаан тань болгоомж уу, айдас уу гэдгийг шалга.	Хариу удах төдийд нууц байна гэж бүү таа. Санаа зовоосон тодорхой явдлыг тайван асуу.	Цуу яриа, хаалттай мэдээлэл дүгнэлтийг бүдгэрүүлж болно. Хариуцсан хүнээс лавлаж, үндэслэлээ хуваалц.	Үнэхээр харсан зүйл, төсөөлсөн зүйлээ тусад нь бич. Шалгаж болох нэг асуултаа сонго.	Зөн совингоо туйлын үнэн гэж үзэж, эсрэг баримтыг бүү няцаа. Хувийн нууцыг задлах нь бас шийдэл биш.
3	ja	upright	時間と手間をかけて育てたものが、暮らしの豊かさになるカードです。成果だけでなく、心地よさや休息も成長の一部と考えましょう。自分への世話が、他者への余裕にもつながります。	日常の小さな気遣いで安心を育てる読みです。一緒に食事をするなど、無理のない時間を大切にしてください。	アイデアを育て、使う人に届く形へ整える段階です。完成を急がず、試作品への反応を見て改善しましょう。	後回しにした自分の必要を一つ満たしてください。その余裕から、育てたい人間関係や活動に手をかけましょう。	与えることを、自分の価値の証明にしないでください。カードだけで妊娠など身体の状態を判断することもできません。
3	mn	upright	Цаг, анхаарал зарцуулж ургуулсан зүйл амьдралыг баяжуулдгийг өгүүлнэ. Үр дүнгээс гадна тав тух, амралт ч өсөлтийн хэсэг. Өөрийгөө халамжлах нь бусдад зориулах тэнхээг нэмнэ.	Өдөр тутмын жижиг халамжаар итгэлийг ургуулна. Хамт хооллох зэрэг дарамтгүй цагийг эрхэмлэ.	Санаагаа хөгжүүлж, хэрэглэгчид хүрэх хэлбэрт оруулах үе. Дуусгах гэж яаралгүй, туршилтын бүтээлийн хариуг авч сайжруул.	Хойш тавьсан өөрийн нэг хэрэгцээг ханга. Тэр тэнхээгээрээ чухал харилцаа, үйл ажиллагаагаа тордоорой.	Өгөхийг өөрийн үнэ цэнийг батлах арга бүү болго. Энэ хөзрөөр жирэмслэлт зэрэг биеийн байдлыг тогтоох боломжгүй.
3	ja	reversed	世話が過干渉になったり、快適さを求めすぎて必要な行動を避けたりする偏りを示します。相手のためと言いながら、自分の不安を埋めていないか確かめましょう。育てることには、任せて待つ時間も含まれます。	相手の選択を先回りして決めていませんか。必要な助けを聞き、求められていない世話は減らしましょう。	細かな介入や成果への執着が、創造性を狭める可能性があります。任せる範囲と確認する時点を決めてください。	自分が抱えすぎている世話を一つ手放しましょう。空いた時間で、自分の休息や楽しみを取り戻してください。	贈り物や世話の量で、愛情を測らないでください。疲れを埋めるための過剰な消費にも気づきましょう。
3	mn	reversed	Халамж хэт оролцоо болж, эсвэл тав тух хайхдаа хэрэгтэй үйлдлээс зайлсхийж байж болно. Бусдын төлөө гэхдээ өөрийн түгшүүрийг намдааж байгаа эсэхээ шалга. Өсгөхөд даатгаж, хүлээх цаг ч орно.	Нөгөө хүний сонголтыг өмнөөс нь шийдэж байна уу. Ямар тусламж хэрэгтэйг асууж, хүсээгүй халамжаа багасга.	Хэт оролцоо, үр дүнд зууралдах нь бүтээлч байдлыг хумиж болно. Даатгах хүрээ, шалгах мөчөө тохир.	Хэт үүрсэн нэг халамжийн ажлаа тавьж өг. Чөлөөлөгдсөн цагаар амралт, баяр баясгалангаа сэргээ.	Хайрыг бэлэг эсвэл хийсэн үйлчилгээний хэмжээгээр бүү хэмж. Ядаргаагаа дарах гэж хэт хэрэглэж байгаагаа анзаараарай.
4	ja	upright	役割や限界を明確にして、安心して動ける土台をつくるカードです。責任を引き受けるとは、すべてを支配することではありません。方針を説明し、自分にも同じ基準を適用する姿勢が信頼を育てます。	生活の分担や約束を具体的に話すことが安定につながります。保護するつもりでも、相手の決定権を尊重してください。	優先順位と担当を整理すると進めやすくなります。曖昧な指示を減らし、相談できる経路も用意しましょう。	繰り返し困る場面に、簡単なルールを一つ設けましょう。守れない場合の見直し方法も決めてください。	秩序は人を助けるためのものです。例外の事情を聞かず、規則だけで判断しないでください。
4	mn	upright	Үүрэг, хязгаарыг тодорхойлж тайван ажиллах суурь бүтээхийг өгүүлнэ. Хариуцлага хүлээх нь бүхнийг захирах гэсэн үг биш. Чиглэлээ тайлбарлаж, өөртөө ч ижил шалгуур хэрэглэх нь итгэлийг өсгөнө.	Амьдралын үүрэг, амлалтаа тодорхой яривал тогтвортой болно. Хамгаалах хүсэлтэй байсан ч нөгөө хүний шийдэх эрхийг хүндэтгэ.	Чухал ажил, хариуцагчийг тодруулбал ахиц гарна. Бүдэг зааврыг багасгаж, зөвлөлдөх боломж гарга.	Давтагддаг хүндрэлд нэг энгийн дүрэм тогтоо. Хэрэгжихгүй бол яаж өөрчлөхөө ч шийд.	Эмх журам хүнд туслах зориулалттай. Онцгой нөхцөлийг сонсолгүй зөвхөн дүрмээр бүү дүгнэ.
4	ja	reversed	秩序を保とうとする力が、細かな支配や一方的な要求へ傾いていないか問うカードです。自分のやり方しか認めないほど、周囲は動きにくくなります。管理を増やす前に、不安の原因を確認しましょう。	正しさを押しつけると、相手が本音を話しにくくなります。二人で変更できる約束に戻してください。	過剰な確認や権限の集中が、判断を遅らせる可能性があります。成果の基準を共有し、手段は担当者に任せましょう。	最近「自分の通りにしてほしい」と感じた場面を振り返りましょう。必要な条件と好みを分けてください。	立場の強さを同意の代わりにしないでください。断りにくい相手ほど、意見を言える余地が必要です。
4	mn	reversed	Эмх журам тогтоох хүсэл нарийн хяналт, нэг талын шаардлага болсон эсэхийг асууна. Зөвхөн өөрийн аргыг зөвшөөрвөл бусад хүн хөдөлж чадахгүй. Хяналтаа нэмэхээс өмнө түгшүүрийн шалтгаанаа ол.	Өөрийн зөвийг тулгавал нөгөө хүн үнэнээ хэлэхэд хэцүү болно. Хоёул өөрчилж болох тохиролцоонд эргэн ор.	Хэт шалгалт, эрх мэдлийн төвлөрөл шийдвэрийг удаашруулж болно. Үр дүнгийн шалгуураа хуваалцаад аргыг нь ажилтанд даатга.	Бусдыг өөрийнхөөрөө байлгахыг хүссэн саяхны мөчөө бод. Зайлшгүй нөхцөл, хувийн дур сонирхлоо ялга.	Эрх мэдлийг зөвшөөрлийн оронд бүү хэрэглэ. Татгалзахад хэцүү хүнд санал хэлэх зай илүү хэрэгтэй.
5	ja	upright	経験ある人の知恵や、受け継がれた実践から学ぶカードです。型を使うことで、一人では見落とす視点を得られます。その教えが自分の価値観にどうつながるかも考えてください。	関係で大切にしたい価値観を話す読みです。家族や文化の違いは、正誤でなく背景として理解しましょう。	指導者や研修から基礎を学ぶことが助けになります。手順の理由まで質問すると、応用する力がつきます。	信頼できる経験者に、一つ具体的な相談をしましょう。得た助言は自分の状況に合わせて試してください。	権威があるだけで、すべて正しいとは限りません。教えへの敬意と、自分で考える姿勢を両立しましょう。
5	mn	upright	Туршлагатай хүний мэдлэг, уламжилсан дадлаас сурахыг өгүүлнэ. Тогтсон арга ганцаараа анзаарахгүй өнцгийг нээж өгнө. Тэр сургаал өөрийн үнэт зүйлтэй хэрхэн нийцэхийг бодоорой.	Харилцаандаа эрхэмлэх үнэт зүйлсээ ярь. Гэр бүл, соёлын ялгааг зөв буруу гэхээс илүү үүссэн орчноор нь ойлго.	Багш, сургалтаас сууриа сурах нь тустай. Алхмын цаад учрыг асуувал өөр нөхцөлд хэрэглэх чадвар нэмэгдэнэ.	Итгэлтэй туршлагатай хүнээс нэг тодорхой асуудлаар зөвлөгөө ав. Зөвлөгөөг өөрийн нөхцөлд тааруулан турш.	Нэр хүндтэй бүхэн үргэлж зөв биш. Сургаалыг хүндэтгэхийн зэрэгцээ өөрөө эргэцүүл.
5	ja	reversed	慣習や教えが、本来の目的を失って形だけになっていないか見直すカードです。経験を他者への圧力に使うと、学びが止まります。続ける理由を言葉にできない規則は、問い直す余地があります。	周囲の期待に合わせすぎて、二人の希望を置き去りにしていませんか。関係の形は当人同士で相談してください。	前例だけで改善案を退けないようにしましょう。守るべき原則と、変更できる手順を区別してください。	当然だと思っている決まりを一つ選び、目的を確認しましょう。その目的に合う別の方法も考えてください。	反発すること自体を目的にしないでください。古い知恵にも役立つ部分がないか確かめましょう。
5	mn	reversed	Ёс заншил, сургаал утгаа алдаж зөвхөн хэлбэр болсон эсэхийг шалгана. Туршлагаар бусдыг дарамталбал суралцах үйл явц зогсоно. Яагаад дагадгаа тайлбарлаж чадахгүй дүрмийг дахин асууж болно.	Бусдын хүлээлтэд нийцүүлэхдээ өөрсдийн хүслээ орхисон уу. Харилцааны хэлбэрээ хоёр тал өөрсдөө ярилц.	Зөвхөн өмнөх жишгээр шинэчлэлийг бүү няцаа. Хадгалах зарчим, өөрчилж болох алхмаа ялга.	Зайлшгүй мэт санагддаг нэг дүрмийн зорилгыг шалга. Түүнд хүрэх өөр аргыг ч бод.	Эсэргүүцэхийг өөрөө зорилго бүү болго. Хуучин мэдлэгт хэрэгтэй хэсэг байгаа эсэхийг бас шалга.
6	ja	upright	心が惹かれるものと、自分が大切にする価値観を結びつけるカードです。関係を選ぶことは、その関係でどう振る舞うかを選ぶことでもあります。情報と気持ちの両方を確かめて決めましょう。	好意を表しながら、相手の希望も聞くことが親密さを育てます。惹かれ合うことだけでなく、対等に選べる関係を大切にしてください。	価値観の合う協力先や働き方を検討する読みです。条件の良さに加え、何に納得して働けるかを確認しましょう。	迷う選択肢ごとに、守れる価値観と譲る点を書いてください。選んだ後に引き受ける責任も考えましょう。	強い感情だけで、不都合な情報を無視しないでください。同意や境界線を確かめることも愛情です。
6	mn	upright	Татагдаж буй зүйлээ эрхэмлэдэг үнэт зүйлтэйгээ холбохыг өгүүлнэ. Харилцааг сонгох нь түүнд хэрхэн оролцохоо сонгох явдал. Мэдээлэл, мэдрэмж хоёуланг шалгаж шийдээрэй.	Хайраа илэрхийлж, нөгөө хүний хүслийг сонсох нь ойртуулна. Татагдахаас гадна эрх тэгш сонгох боломжийг эрхэмлэ.	Үнэт зүйл нийцэх хамтрагч, ажлын хэлбэрийг бодох үе. Сайн нөхцөлөөс гадна юунд сэтгэл хангалуун ажиллахаа шалга.	Сонголт бүрд хадгалах үнэт зүйл, буулт хийх хэсгээ бич. Сонгосны дараах хариуцлагыг ч бод.	Хүчтэй мэдрэмжээс болж таагүй мэдээллийг бүү үл тоо. Зөвшөөрөл, хил хязгаарыг шалгах нь ч хайр юм.
6	ja	reversed	愛されたい気持ちや情熱が、自分の価値観を見失わせていないか問います。結びつきを守るために、無理な選択を続けている場合もあります。誰かを選ぶ前に、自分が守りたいものを確認しましょう。	相手に合わせるための我慢が積み重なっていませんか。譲れる点と譲れない点を、責めずに伝えてください。	評価や仲間意識のために、納得できない仕事を引き受けていないか見直しましょう。条件の再相談が必要かもしれません。	本音と実際の行動が違う場面を一つ挙げてください。ずれを小さくする言葉や選択を考えましょう。	カードだけで裏切りや別れを断定しないでください。不一致は、事実を聞いて調整する対象です。
6	mn	reversed	Хайрлуулах хүсэл, хүсэл тэмүүлэл үнэт зүйлээ мартахад хүргэсэн эсэхийг асууна. Холбоогоо хадгалах гэж өөрт тохироогүй сонголтыг давтаж байж болно. Хэн нэгнийг сонгохоос өмнө юугаа хамгаалахаа тодруул.	Таалагдах гэж тэвчсэн зүйл хуримтлагдсан уу. Буулт хийж болох, болохгүй зүйлээ буруутгалгүй хэл.	Үнэлгээ эсвэл бүлэгт багтахын тулд зөвшөөрөхгүй ажлаа авсан эсэхээ шалга. Нөхцөлийг дахин ярилцах хэрэгтэй байж болно.	Үнэн хүсэл, үйлдэл зөрсөн нэг тохиолдлоо нэрлэ. Зөрүүг багасгах үг, сонголтоо бод.	Хөзрөөр урвалт эсвэл салалтыг бүү тогтоо. Үл нийцлийг баримт сонсож, тохируулах боломжтой.
7	ja	upright	障害があっても、目標を定めて力をまとめるカードです。勢いだけでなく、進む方向を選び続ける自制が前進を支えます。達成は周囲の協力も含めて受け止めましょう。	関係を進めたいなら、自分の意思を明確に伝えてください。同時に、相手の速度と意思も尊重しましょう。	難しい課題に優先順位をつけ、集中して取り組む読みです。途中の確認点を設けると、勢いを成果につなげやすくなります。	今週達成する目標を一つに絞ってください。妨げになる行動を減らし、進捗を見える形にしましょう。	勝つことが目的になり、周囲の負担を見落とさないでください。前進には休息と軌道修正も必要です。
7	mn	upright	Саад байсан ч зорилгоо тогтоож хүчээ нэгтгэхийг өгүүлнэ. Зөвхөн хурд бус, чиглэлээ сонгосоор байх сахилга ахицыг дэмжинэ. Амжилтад бусдын туслалцаа ч багтдагийг сана.	Харилцаагаа урагшлуулах хүсэлтэй бол санаагаа тодорхой хэл. Нөгөө хүний хурд, хүслийг мөн хүндэтгэ.	Хэцүү ажилд эрэмбэ тогтоон төвлөрөх үе. Завсрын шалгалттай байвал эрчээ үр дүн болгоход тустай.	Энэ долоо хоногийн нэг зорилгоо сонго. Саад болдог үйлдлээ багасгаж, ахицаа харагдахуйц болго.	Ялах хүсэлдээ бусдын ачааллыг бүү март. Урагшлахад амралт, чиглэл засах цаг ч хэрэгтэй.
7	ja	reversed	過去の成功や自分の勢いに頼り、今の状況を見失っていないか問いかけます。周囲を押し切っても、目的への距離が縮まるとは限りません。速度を落として方向と協力関係を整える読みです。	結論を急いで、相手の気持ちを置き去りにしていませんか。話を進める前に、今の希望を聞き直してください。	以前うまくいった方法を、条件の違う仕事に当てはめていないか確認しましょう。進め方を変えることも判断力です。	一度立ち止まり、目標と現在地を照らしてください。不要な競争を一つやめ、必要な作業へ力を戻しましょう。	遅れを取り戻すための強行は、さらに負担を増やします。急ぐ理由と実際の期限を分けて考えてください。
7	mn	reversed	Өмнөх амжилт, өөрийн эрчдээ найдаж өнөөгийн нөхцөлийг алдсан эсэхийг асууна. Бусдыг хүчээр дагуулах нь зорилгод ойртуулах албагүй. Хурдаа бууруулж чиглэл, хамтын ажиллагаагаа засах уншлага юм.	Шийдлийг яаруулахдаа нөгөө хүний мэдрэмжийг орхисон уу. Урагш ярихаас өмнө одоогийн хүслийг нь дахин асуу.	Өмнө амжилттай аргыг өөр нөхцөлд шууд хэрэглэсэн эсэхээ шалга. Аргаа өөрчлөх нь ч зөв дүгнэлт.	Түр зогсож зорилго, одоогийн байршлаа харьцуул. Хэрэггүй нэг өрсөлдөөнийг орхиж, чухал ажилдаа хүчээ буцаа.	Хоцрогдлыг хүчээр нөхөх нь ачааг өсгөнө. Яарах шалтгаан, бодит хугацааг ялга.
8	ja	upright	強い感情を消すのではなく、扱い方を選ぶ内なる力を表します。自分のために必要な制限を設けることは、弱さではありません。落ち着きと勇気を合わせて、守りたいことに立ち向かいましょう。	不安や怒りをそのままぶつけず、気持ちと希望を分けて伝えてください。穏やかさの中にも、明確な境界線を持てます。	圧力のある場面でも、反射的に反応せず対応を選ぶ読みです。難しい交渉ほど、準備と粘り強さが役立ちます。	衝動的になりやすい場面に、少し間を置く習慣をつくりましょう。落ち着いてから必要な行動を選んでください。	忍耐を、つらい扱いに耐え続けることと混同しないでください。距離を取る勇気も強さです。
8	mn	upright	Хүчтэй мэдрэмжийг үгүй хийх бус, яаж хандахаа сонгох дотоод хүчийг илэрхийлнэ. Өөрийн төлөө хязгаар тогтоох нь сул дорой байдал биш. Тайван зан, зоригоо хослуулж чухал зүйлээ хамгаал.	Айдас, уураа шууд асгахгүй, мэдрэмж ба хүсэлтээ ялгаж хэл. Зөөлөн байхын зэрэгцээ тодорхой хилтэй байж болно.	Дарамттай үед шууд хариулахгүй, арга барилаа сонгох үе. Хэцүү хэлэлцээнд бэлтгэл, тууштай байдал тустай.	Түргэн хөдлөх гээд байдаг үедээ завсарлах дадал бий болго. Тайвширсны дараа хэрэгтэй үйлдлээ сонго.	Тэвчээрийг хүнд хэцүү харьцааг үргэлж тэвчихтэй бүү андуур. Холдох зориг ч хүч юм.
8	ja	reversed	疲れや自信の揺らぎから、衝動に流されたり必要な主張を控えたりしている可能性を示します。自分を責めるだけでは力は戻りません。守れる小さな約束から、自制と信頼を取り戻しましょう。	嫌われる恐れから、嫌なことまで受け入れていませんか。落ち着いた場で、難しいことを短く伝えてください。	無理な要求を断れず、集中力が落ちている場合があります。作業量を相談し、取り戻せる範囲から整えましょう。	自分を消耗させる習慣を一つ見つけてください。やめる意志だけでなく、代わりの行動を用意しましょう。	一度うまくできなかったことを人格の弱さにしないでください。助けを借りることも、状況を扱う力です。
8	mn	reversed	Ядаргаа, итгэл буурах нь түргэн занг дагах эсвэл хэрэгтэй үгээ хэлэхгүй байхад хүргэж болно. Өөрийгөө буруутгаад хүч сэргэхгүй. Биелүүлж болох жижиг амлалтаас өөртөө итгэх итгэлээ сэргээ.	Дургүй болгохоос айж хүсээгүй зүйлээ зөвшөөрч байна уу. Тайван үед хэцүү байгаагаа товч хэл.	Хэт шаардлагад татгалзаж чадалгүй төвлөрөл буурсан байж болно. Ажлын хэмжээг ярьж, зохицуулж чадах хэсгээс эхэл.	Тэнхээ бардаг нэг дадлаа ол. Зөвхөн болихоор шийдэх бус, орлуулах үйлдэл бэлд.	Нэг удаагийн алдааг зан чанарын сул тал бүү болго. Тусламж авах нь ч нөхцөлөө удирдах чадвар.
9	ja	upright	外の評価から少し離れ、自分の経験を振り返るカードです。一人で考える時間は、進む方向を選び直すために役立ちます。得た知恵を、必要とする人へ分けることもこのカードの一面です。	静かな時間が必要なら、理由と戻る時期を伝えてください。距離を取ることと、関係を拒むことを混同させない工夫が大切です。	調査や学び直し、経験の整理に向く読みです。すぐに成果を見せるより、判断の土台を深めましょう。	一人で考える時間を予定に入れてください。最後に、誰かへ相談する問いを一つ持ち帰りましょう。	内省が長く続きすぎると、外からの助言を失います。考える時間と人に会う時間の両方を残してください。
9	mn	upright	Гаднын үнэлгээнээс түр холдож туршлагаа эргэцүүлэхийг өгүүлнэ. Ганцаар бодох цаг чиглэлээ дахин сонгоход тусална. Олсон мэдлэгээ хэрэгтэй хүнд хуваалцах нь ч энэ хөзрийн нэг тал.	Тайван цаг хэрэгтэй бол учир, эргэж холбогдох хугацаагаа хэл. Зай авахыг харилцаанаас татгалзсан мэт ойлгуулахгүй байх нь чухал.	Судлах, дахин сурах, туршлагаа цэгцлэхэд тохирох уншлага. Шууд үр дүн харуулахаас илүү шийдвэрийн сууриа гүнзгийрүүл.	Ганцаар бодох цагийг хуваарьтаа оруул. Төгсгөлд нь бусдаас асуух нэг асуулттай болоорой.	Эргэцүүлэл хэт сунжирвал гаднын зөвлөгөөг алдана. Бодох болон хүмүүстэй уулзах цаг хоёуланг үлдээ.
9	ja	reversed	自分を守るための孤独が、交流への恐れや頑なさになっていないか問います。知識があっても、別の視点を避ければ理解は狭まります。完全に分かってから人と関わる必要はありません。	気持ちを説明しないまま離れると、誤解が育ちます。長い話が難しくても、今の状態を一言伝えましょう。	一人で抱え込むことや、知識を見せるための態度を点検してください。途中の成果でも相談すれば改善点が見えます。	安心して話せる人に、小さな近況を伝えてください。助言を求める前に、聞いてもらうだけでも構いません。	孤独を選ぶことと、助けを拒むことは同じではありません。自分の能力を隠し続けないでください。
9	mn	reversed	Өөрийгөө хамгаалсан ганцаардал харилцах айдас, зөрүүд байдал болсон эсэхийг асууна. Мэдлэгтэй ч өөр өнцгөөс зайлсхийвэл ойлголт хумигдана. Бүхнийг ойлгосны дараа л хүмүүстэй харилцах албагүй.	Тайлбаргүй холдвол үл ойлголцол өснө. Урт ярьж чадахгүй ч одоогийн байдлаа товч хэл.	Ганцаар үүрэх, мэдлэгээрээ гайхуулах хандлагаа шалга. Дуусаагүй ажлаа ч зөвлөлдвөл сайжруулах зүйл харагдана.	Тайван ярьж болох хүнд ойрын байдлаа багахан хуваалц. Зөвлөгөө авахаас өмнө зүгээр сонсуулахад ч болно.	Ганцаар байхыг сонгох нь тусламжаас татгалзахтай адилгүй. Чадвараа үргэлж нуух хэрэггүй.
10	ja	upright	状況には自分で動かせる部分と、流れを待つ部分があると気づくカードです。繰り返す出来事を観察すると、変化に備える手がかりが見つかります。偶然の機会にも、準備があるほど対応しやすくなります。	関係の温度や生活の変化を、固定した評価にしないでください。今の二人に合う関わり方へ調整しましょう。	環境や時期の変化を読み、計画を更新する場面です。好機を待つ間にも、技能や資料を整えておきましょう。	最近繰り返している出来事を記録してください。自分が変えられる反応を一つ選びましょう。	運がよいという読みを、成功の保証にしないでください。大きな賭けより、機会に応じられる余裕を守りましょう。
10	mn	upright	Нөхцөлд өөрчилж болох хэсэг, урсгалыг нь хүлээх хэсэг байдгийг сануулна. Давтагдах үйл явдлыг ажиглавал өөрчлөлтөд бэлтгэх сэжүүр олдоно. Санамсаргүй боломжид ч бэлтгэлтэй хүн илүү сайн хариулна.	Харилцааны дулаан, амьдралын өөрчлөлтийг тогтмол үнэлгээ бүү болго. Одоогийн та хоёрт тохирох харилцах аргаа шинэчил.	Орчин, цаг үе өөрчлөгдөхөд төлөвлөгөөг шинэчлэх үе. Боломж хүлээхдээ ч ур чадвар, материалаа бэлтгэ.	Сүүлийн үед давтагдсан үйл явдлаа тэмдэглэ. Өөрчилж чадах нэг хариу үйлдлээ сонго.	Азын уншлагыг амжилтын баталгаа бүү болго. Том бооцооноос илүү боломжид хариулах нөөцөө хадгал.
10	ja	reversed	流れへの抵抗や、運任せの姿勢が停滞を長引かせていないか問いかけます。同じ結果が続くときは、変えられない状況だけでなく自分の反応も見直しましょう。小さな選択には、まだ余地があります。	同じ争いを繰り返すなら、話題より反応の順番に注目してください。いつものやり取りを一か所変えてみましょう。	環境のせいで動けないと感じても、更新できる準備はあります。計画を小分けにし、実行可能な部分を探してください。	制御できること、できないことを分けましょう。前者から一つ選び、具体的な期限をつけて動いてください。	不運を取り返そうとしてリスクを増やさないでください。取り戻す焦りが、次の判断を曇らせることがあります。
10	mn	reversed	Урсгалыг эсэргүүцэх эсвэл бүхнийг азанд даатгах нь зогсонги байдлыг сунгаж байгаа эсэхийг асууна. Ижил үр дүн давтагдвал нөхцөлөөс гадна өөрийн хариуг шалга. Жижиг сонголтын орон зай үлдсэн байж болно.	Ижил маргаан давтагдвал сэдвээс илүү хариу үйлдлийн дарааллыг хар. Дассан ярианы нэг хэсгийг өөрчилж үз.	Орчноос болж хөдөлж чадахгүй мэт ч шинэчилж болох бэлтгэл бий. Төлөвлөгөөг жижиглэж, хэрэгжих хэсгээ ол.	Хянаж болох, болохгүй зүйлээ ялга. Эхний хэсгээс нэгийг сонгож, хугацаатай үйлд.	Азгүйтлээ нөхөх гэж эрсдэлээ бүү өсгө. Алдсанаа авах яарал дараагийн дүгнэлтийг бүдгэрүүлж болно.
11	ja	upright	感情だけで裁かず、事実を集めて釣り合う判断を選ぶカードです。自分にも相手にも同じ基準を向けることで、納得できる決定に近づきます。即答より丁寧な検討を大切にしましょう。	不満を伝えるときは、起きたことと希望を分けて話してください。互いの負担を確認し、分担を具体的に見直しましょう。	評価や契約では、印象より記録と条件を確認する読みです。判断基準を先に共有すると行き違いを減らせます。	賛成する根拠と反対する根拠を両方書いてください。まだ足りない情報を一つ集めてから決めましょう。	公平であることは、全員に同じ対応をすることとは限りません。事情の違いも判断に含めてください。
11	mn	upright	Зөвхөн мэдрэмжээр шүүхгүй, баримт цуглуулж зохистой шийдвэр сонгохыг өгүүлнэ. Өөртөө болон бусдад ижил шалгуур тавивал хүлээн зөвшөөрөх шийдэлд ойртоно. Шууд хариулахаас илүү нягт бод.	Гомдлоо хэлэхдээ болсон явдал, хүсэлтээ ялга. Хоёр талын ачааллыг шалгаж, үүргээ тодорхой шинэчил.	Үнэлгээ, гэрээнд сэтгэгдлээс илүү бүртгэл, нөхцөлийг шалга. Шалгуураа урьдчилан хуваалцвал зөрүү багасна.	Дэмжих болон эсэргүүцэх үндэслэлээ хоёуланг бич. Дутуу нэг мэдээллээ олсны дараа шийд.	Шударга байх нь хүн бүрд яг адил хандах албагүй. Нөхцөлийн ялгааг ч тооц.
11	ja	reversed	規則や正しさに固執して、事情や影響を見落としていないか問います。厳しい言葉で結論を急ぐほど、判断は偏りやすくなります。自分に都合のよい例外をつくっていないかも確認しましょう。	勝ち負けを決める会話から、困っている点を理解する会話へ戻しましょう。相手の説明を途中で裁かずに聞いてください。	えこひいきや硬直した評価を点検する読みです。同じ基準が実際に適用されているか記録で確認しましょう。	最近の判断を一つ選び、逆の立場から読み直してください。修正すべき点があれば明確に伝えましょう。	カードを他人の不正の証拠にはできません。疑いがある場合は、具体的な事実を確認してください。
11	mn	reversed	Дүрэм, өөрийн зөвд зууралдан нөхцөл ба нөлөөг мартсан эсэхийг асууна. Хатуу үгээр яаран дүгнэх тусам өрөөсгөл болох эрсдэлтэй. Өөрт ашигтай онцгой нөхцөл зохиосон эсэхээ ч шалга.	Ялагч тогтоох ярианаас бэрхшээлийг ойлгох ярианд буц. Тайлбарыг нь дундаас нь шүүлгүй сонс.	Тал зассан эсвэл хөшүүн үнэлгээг шалгах үе. Ижил шалгуур хэрэглэсэн эсэхийг бүртгэлээр нягтал.	Саяхны нэг шийдвэрээ эсрэг талаас дахин хар. Засах зүйлээ тодорхой хэл.	Хөзөр бусдын буруутай үйлдлийн нотолгоо биш. Сэжигтэй бол бодит баримтыг шалга.
12	ja	upright	思い通りにならない状況を、別の視点から捉え直すカードです。今までの方法をいったん手放すと、気づかなかった選択肢が見えることがあります。待つ時間にも、意味のある観察ができます。	相手の立場から同じ出来事を考えてみてください。結論を急がず、関係で変えるべき習慣を見つけましょう。	計画の中断を、設計や前提を見直す機会として読めます。続けるために何を諦める必要があるか整理してください。	困り事を別の人ならどう見るか書いてください。見方を変えてから、次の一手を選びましょう。	待つことを無期限の我慢にしないでください。見直す日と、自分が負担できる範囲を決めましょう。
12	mn	upright	Хүссэнээр болохгүй нөхцөлийг өөр өнцгөөс харахыг өгүүлнэ. Хуучин аргаа түр тавибал анзаараагүй сонголт харагдаж болно. Хүлээх цагт ч утгатай ажиглалт хийж болно.	Ижил явдлыг нөгөө хүний байрнаас бод. Яаралгүй, өөрчлөх хэрэгтэй харилцааны дадлаа ол.	Төлөвлөгөө тасалдахыг суурь нөхцөл, загвараа шалгах боломж гэж уншина. Үргэлжлүүлэхийн тулд юуг орхихоо цэгцэл.	Бэрхшээлийг өөр хүн яаж харахыг бич. Өнцгөө сольсны дараа дараагийн алхмаа сонго.	Хүлээлтийг хугацаагүй тэвчилт бүү болго. Дахин үнэлэх өдөр, үүрч чадах хэмжээгээ тогтоо.
12	ja	reversed	変化への抵抗や他人への責任転嫁が、行き詰まりを固定している可能性を示します。自分を犠牲にしているつもりでも、本音に反する選択なら見直しが必要です。何を守り、何を変えるかを選び直しましょう。	我慢を相手への貸しにしていませんか。引き受けたくないことは、後で責める前に伝えてください。	古い条件のまま停滞しているなら、担当や期限を再交渉しましょう。他者のせいにするだけでは進め方は変わりません。	自分で選べる行動を一つ挙げてください。小さくても実行し、待つだけの状態から離れましょう。	すでに払った犠牲の大きさだけで続行を決めないでください。今後の負担と価値を見比べましょう。
12	mn	reversed	Өөрчлөлтийг эсэргүүцэх, бусдыг буруутгах нь мухардлыг тогтоож байж болно. Өөрийгөө золиосолж байна гэж бодсон ч үнэн хүсэлтэй зөрвөл дахин харах хэрэгтэй. Хадгалах, өөрчлөх зүйлээ дахин сонго.	Тэвчсэнээ нөгөө хүний өр мэт үзэж байна уу. Хүсэхгүй зүйлээ дараа нь буруутгахаас өмнө хэл.	Хуучин нөхцөлд гацсан бол үүрэг, хугацааг дахин тохир. Зөвхөн бусдыг буруутгаад арга өөрчлөгдөхгүй.	Өөрөө сонгож болох нэг үйлдлээ нэрлэ. Бага ч гэсэн хийж, зөвхөн хүлээхээс гар.	Өмнөх золиосны хэмжээгээр үргэлжлүүлэхээ бүү шийд. Цаашдын ачаа, үнэ цэнийг харьцуул.
13	ja	upright	役目を終えた習慣や関係の形に区切りをつけ、新しい段階の余地をつくるカードです。失う寂しさを認めながら、手放した後の生活を考えましょう。身体の死を予告する意味ではありません。	別れを断定するカードではなく、続けてきた関わり方の更新として読めます。終わらせたい習慣と残したい絆を話しましょう。	不要になった作業や古い方針を整理する段階です。引き継ぎと終了条件を整えると、次へ移りやすくなります。	もう役立っていないものを一つ選んで手放してください。空いた時間や場所の使い方も考えましょう。	変化を急いで、悲しむ時間まで省かないでください。終わりを受け止める速度には個人差があります。
13	mn	upright	Үүргээ дуусгасан дадал, харилцааны хэлбэрт цэг тавьж шинэ үед зай гаргахыг өгүүлнэ. Алдах гунигаа зөвшөөрөн, орхисны дараах амьдралаа бод. Бие махбодын үхлийг зөгнөсөн утга биш.	Салалтыг тогтоох бус, дассан харилцах аргаа шинэчлэх гэж уншиж болно. Дуусгах дадал, хадгалах холбоогоо ярь.	Хэрэггүй болсон ажил, хуучин чиглэлийг цэгцлэх үе. Шилжүүлэг, дуусах нөхцөлийг бэлдвэл дараагийн шатанд амар орно.	Хэрэггүй болсон нэг зүйлээ сонгон тавьж явуул. Чөлөөлөгдсөн цаг, зайгаа яаж ашиглахаа бод.	Өөрчлөлтийг яаруулж гашуудах цагийг бүү алгас. Төгсгөлийг хүлээн авах хурд хүн бүрд өөр.
13	ja	reversed	変わらないでほしいという願いが、古い習慣への執着を強めている可能性を示します。失う恐れを否定せず、今の形を保つために払う負担も見ましょう。変化は一度にすべて行う必要はありません。	過去の関係像だけを求めると、今の相手が見えにくくなります。現在の希望を聞き、新しい合意を探してください。	役目を終えた仕組みを、慣れているからと残していませんか。小さな範囲で置き換えを試しましょう。	手放すことの不安と、続けることの負担を並べてください。最も小さな変更から始めましょう。	変化への恐れを責めないでください。一方で、恐れだけを続行の理由にしないようにしましょう。
13	mn	reversed	Өөрчлөгдөхгүй байгаасай гэсэн хүсэл хуучин дадалд зууралдуулах боломжтой. Алдах айдсаа үгүйсгэлгүй, одоогийн хэлбэрийг хадгалах өртгийг ч хар. Бүхнийг нэг дор өөрчлөх шаардлагагүй.	Зөвхөн өнгөрсөн харилцааг хүсвэл одоогийн хүнийг харахгүй болно. Өнөөгийн хүслийг сонсож шинэ тохиролцоо хай.	Үүргээ дуусгасан тогтолцоог дассан учраас хадгалж байна уу. Жижиг хүрээнд солих туршилт хий.	Орхих айдас, үргэлжлүүлэх ачаагаа зэрэгцүүлэн бич. Хамгийн жижиг өөрчлөлтөөс эхэл.	Өөрчлөлтөөс айсандаа өөрийгөө бүү буруутга. Гэхдээ айдсыг үргэлжлүүлэх цорын ганц шалтгаан бүү болго.
14	ja	upright	違う性質や希望を調整し、続けられる配分を見つけるカードです。どちらかを消すより、組み合わせ方を工夫することが助けになります。一度で正解を出さず、試しながら均衡を整えましょう。	連絡や一人の時間など、互いの必要を調整する読みです。片方だけが我慢しない配分を相談してください。	異なる技能や意見を組み合わせることで改善が見込めます。試行期間を設けて、無理のない手順を探しましょう。	生活で偏っている配分を一つ見直してください。極端に変えず、少し調整して様子を見ましょう。	妥協がいつも同じ人の負担になっていないか確認してください。調和には本音を話すことも必要です。
14	mn	upright	Өөр чанар, хүслийг зохицуулж үргэлжлэх хуваарилалт олохыг өгүүлнэ. Нэгийг нь үгүй хийхээс илүү хослуулах арга тусална. Нэг дор төгс шийдэхгүй, туршин тэнцвэрээ ол.	Холбогдох давтамж, ганцаар байх цаг зэрэг хэрэгцээг тохир. Зөвхөн нэг тал тэвчихгүй хуваарилалтыг ярь.	Өөр чадвар, санааг хослуулбал сайжрах боломжтой. Туршилтын хугацаатайгаар ачаалал багатай арга хай.	Амьдралын нэг хэтэрсэн хуваарилалтыг шалга. Огцом бус багахан өөрчилж ажигла.	Буултын ачаа үргэлж нэг хүнд очсон эсэхийг шалга. Эв зохицолд үнэнээ хэлэх ч хэрэгтэй.
14	ja	reversed	極端な対応や感情の振れ幅が、協力を難しくしている可能性を示します。崩れた均衡を一気に直そうとすると、別の偏りが生まれます。まず負担を増やしている習慣を見つけましょう。	急に近づきすぎたり離れすぎたりしていませんか。継続できる連絡や会い方を相談してください。	方針を頻繁に変えると、チームが調整に追われます。変更点を絞り、試す期間を確保しましょう。	最近の行き過ぎを一つ選び、少しだけ量を減らしてください。改善を確認してから次を変えましょう。	平和のために不満を隠し続けないでください。後で大きく爆発する前に、短く伝えることが助けになります。
14	mn	reversed	Хэт туйлширсан хариу, мэдрэмжийн савлагаа хамтын ажиллагааг хүндрүүлж болно. Алдсан тэнцвэрийг нэг дор засахад өөр хэтрэлт үүснэ. Ачаалал нэмдэг дадлаа эхлээд ол.	Гэнэт хэт ойртох эсвэл холдох давталт байна уу. Үргэлжлүүлж чадах уулзалт, холбоогоо тохир.	Чиглэлийг байнга соливол баг зөвхөн тохируулах ажилд дарагдана. Өөрчлөлтөө цөөлж, турших хугацаа гарга.	Саяхны нэг хэтрэлтийг сонгож хэмжээг нь багахан бууруул. Сайжирсныг харсны дараа дараагийнхыг өөрчил.	Амар тайвны төлөө гомдлоо үргэлж бүү нуу. Том тэсрэлтээс өмнө товч хэлэх нь тустай.
15	ja	upright	欲望や楽しみを否定せず、自分が何に惹かれるかを自覚するカードです。原典の建設的な側面を参考に、快適さを健全に楽しむ読みを採用しています。欲しいものを選ぶ自由と、やめる自由の両方が大切です。	惹かれる気持ちや身体的な親密さを、互いの同意のもとで大切にしてください。欲望を隠すより、境界線を率直に話しましょう。	報酬や評価への欲求を、現実的な動機として整理できます。何を得るためならどこまで働くか決めてください。	楽しみを一つ選び、時間や予算の範囲を決めて味わいましょう。終えた後の満足感も確かめてください。	楽しむことと、やめられないことは違います。選択の自由が狭まっていないか点検しましょう。
15	mn	upright	Хүсэл, таашаалаа үгүйсгэлгүй юунд татагддагаа танихыг өгүүлнэ. Эх сурвалжийн бүтээлч талыг түшиж тав тухыг эрүүлээр эдлэх уншлага сонгосон. Сонгох эрхээс гадна зогсоох эрх ч чухал.	Харилцан зөвшөөрөлтэй татагдал, биеийн ойр байдлаа эрхэмлэ. Хүслээ нуухаас илүү хил хязгаараа шулуун ярь.	Шагнал, үнэлгээ хүсэхээ бодит сэдэл болгон ойлгож болно. Юуны төлөө хэр их ажиллахаа тогтоо.	Нэг таашаалаа сонгож цаг, төсвийн хүрээнд эдэл. Дараа нь үнэхээр сэтгэл ханасан эсэхээ шалга.	Таашаах, зогсоож чадахгүй байх хоёр өөр. Сонголтын эрх чинь хумигдсан эсэхийг ажигла.
15	ja	reversed	所有や快楽が優先され、人間関係や自分の自由が後回しになっていないか問います。不満を外のせいだけにせず、自分の選択を見直すことが解放の入口です。足りないものばかり数えていないか確かめましょう。	独占欲や見返りの要求が、相手の自由を狭めていませんか。関係を保つための支配ではなく、対等な約束へ戻しましょう。	地位や報酬を追うために、譲れない基準を失っていないか確認してください。引き受ける条件を明文化しましょう。	「やめたいのに続けること」を一つ書いてください。引き金を避ける工夫や、支援を借りる方法を考えましょう。	他人や運命に原因をすべて押しつけないでください。ただし、受けた支配や被害を自分の責任にする必要もありません。
15	mn	reversed	Өмчлөл, таашаал харилцаа болон өөрийн эрх чөлөөнөөс дээгүүр болсон эсэхийг асууна. Бүхнийг гаднаас болсон гэж үзэлгүй сонголтоо шалгах нь чөлөөлөгдөх эхлэл. Зөвхөн дутуугаа тоолж байгаа эсэхээ анзаар.	Өмчлөх хүсэл, хариу нэхэх нь нөгөө хүний эрхийг хумиж байна уу. Хяналтаас эрх тэгш амлалтад буц.	Байр суурь, шагнал хөөхдөө чухал зарчмаа алдсан эсэхээ шалга. Хүлээн авах нөхцөлөө бичгээр тодруул.	Болихыг хүссэн ч үргэлжлүүлдэг нэг зүйлээ бич. Өдөөгчөөс зайлах арга, дэмжлэг авах боломжийг бод.	Бүх шалтгааныг бусад хүн эсвэл хувь тавиланд бүү тох. Гэхдээ бусдын хяналт, учруулсан хохирлыг өөрийн буруу болгох хэрэггүй.
16	ja	upright	当たり前だと思っていた前提が崩れ、必要な変化が見えるカードです。衝撃の大きさだけでなく、古い制限から離れる可能性にも目を向けましょう。まず落ち着ける足場を確保してから、組み直す順番を考えます。	曖昧にしていた問題が見えたなら、表面的に元へ戻すより話し合いが必要です。事実と気持ちを整理して対話してください。	無理のある仕組みや計画の弱点を発見する読みです。影響範囲を確認し、重要な機能から立て直しましょう。	今すぐ守るものと、後で直せるものを分けてください。一度に全部解決せず、最初の安定をつくりましょう。	カードは災害や事故の予告ではありません。不安から、必要のない破壊的な決断を急がないでください。
16	mn	upright	Мэдээж гэж үзсэн суурь ганхаж, хэрэгтэй өөрчлөлт тодрохыг өгүүлнэ. Цочролоос гадна хуучин хязгаараас гарах боломжийг хар. Эхлээд тогтох сууриа хамгаалж, дараа нь сэргээх дарааллаа бод.	Нууж байсан асуудал тодорвол гаднаас нь хэвэнд оруулах бус ярилцах хэрэгтэй. Баримт, мэдрэмжээ цэгцлээд ярь.	Тогтолцоо, төлөвлөгөөний сул талыг олох уншлага. Нөлөөллийг шалгаж, чухал хэсгээс сэргээ.	Одоо хамгаалах, дараа засах зүйлээ ялга. Бүхнийг нэг дор шийдэхгүй, эхний тогтвортой байдлыг бий болго.	Хөзөр гамшиг, ослыг зөгнөхгүй. Айдсаасаа болж хэрэггүй сүйтгэх шийдвэр бүү яар.
16	ja	reversed	変化が必要な証拠を避け、古い形にしがみついていないか問うカードです。見ないふりは一時的に楽でも、修正の負担を増やします。小さな段階で現実を認め、壊さず変えられる部分から着手しましょう。	繰り返す問題をなかったことにしないでください。相手を責めるためでなく、続けられる条件を話しましょう。	不具合の報告を避けたり、前例だけを守ったりしていませんか。早めに共有し、改善を小分けにしてください。	避けている事実を一つ言葉にしてください。それに対応する最小の変更を選びましょう。	怒りで全部を壊すことも、変化への抵抗の一形態です。取り返しのつく方法から検討してください。
16	mn	reversed	Өөрчлөлт хэрэгтэйг харуулах баримтаас зайлж хуучинд зууралдсан эсэхийг асууна. Хараагүй дүр үзүүлэх түр амар ч засах ачааг өсгөнө. Бодит байдлыг бага багаар зөвшөөрч, эвдэлгүй өөрчилж болохоос эхэл.	Давтагдсан асуудлыг болоогүй мэт бүү үз. Буруутгах бус, үргэлжлэх нөхцөлийг ярь.	Доголдлыг мэдээлэхээс зайлж зөвхөн хуучин жишгээ хамгаалж байна уу. Эрт хуваалцаж, засварыг жижиглэ.	Зайлсхийж буй нэг баримтаа нэрлэ. Түүнд хариулах хамгийн бага өөрчлөлтөө сонго.	Уураар бүхнийг эвдэх нь ч өөрчлөлтөөс зайлсхийх хэлбэр байж болно. Буцааж болох аргыг эхэлж бод.
17	ja	upright	困難の後にも可能性を見いだし、少しずつ希望を育てるカードです。希望は結果の保証ではなく、再び関わろうとする姿勢として読めます。人への寛大さと、自分へのいたわりが回復の土台になります。	すぐに安心を証明させるより、信頼を育てる小さなやり取りを大切にしてください。今できる好意を率直に示しましょう。	理想や長期的な目標を、再び言葉にする読みです。小さな試作や相談で、可能性を具体化してください。	まだ残っている支えを三つ書きましょう。その一つに働きかけ、希望を行動につなげてください。	明るく考えるために、つらい事実を消す必要はありません。不安も含めて見通しを立てましょう。
17	mn	upright	Бэрхшээлийн дараа ч боломж олж, найдвараа аажим ургуулахыг өгүүлнэ. Найдвар нь үр дүнгийн баталгаа бус, дахин оролцох хандлага юм. Бусдад өгөөмөр, өөртөө зөөлөн байх нь сэргэлтийн суурь.	Итгэлийг шууд нотлуулахын оронд жижиг харилцааг эрхэмлэ. Одоо өгч чадах сайн сэтгэлээ шулуун илэрхийл.	Алсын зорилгоо дахин үгээр илэрхийлэх үе. Жижиг загвар, зөвлөгөөгөөр боломжоо бодит болго.	Үлдсэн гурван түшгээ бич. Нэгд нь хандаж найдвараа үйлдэлтэй холбо.	Өөдрөг байхын тулд хэцүү баримтыг арилгах хэрэггүй. Түгшүүрээ ч багтаан төлөвлө.
17	ja	reversed	希望を失うことと、都合のよい夢だけに頼ることの両方を点検するカードです。現実を見ない楽観も、可能性を閉ざす悲観も、次の行動を遠ざけます。今確かめられる小さな支えから始めましょう。	理想の相手像だけを求めたり、傷つく前に諦めたりしていませんか。今の相手の行動を具体的に見てください。	結果が出ない理由を運だけにせず、調整できる作業を探しましょう。目標を小さくすると進捗が分かりやすくなります。	「何もできない」を、今日できる一つの行動へ置き換えましょう。終えた事実を記録してください。	前向きになれない日を失敗にしないでください。休息や相談も、希望を守るための行動です。
17	mn	reversed	Найдвар алдах болон зөвхөн таатай мөрөөдөлд найдах хоёр талыг шалгана. Бодит бус өөдрөг байдал, боломж хаасан гутрал хоёул үйлдлээс холдуулна. Одоо шалгаж болох жижиг түшгээс эхэл.	Төгс хүнийг шаардах эсвэл шархлахаасаа өмнө бууж өгч байна уу. Одоогийн хүний бодит үйлдлийг хар.	Үр дүнгүйг зөвхөн азанд тохолгүй өөрчилж болох ажлаа ол. Зорилгоо жижиглэвэл ахиц тодорно.	Юу ч чадахгүй гэх бодлыг өнөөдрийн нэг үйлдлээр соль. Дуусгасан баримтаа тэмдэглэ.	Өөдрөг биш өдрийг бүтэлгүйтэл бүү болго. Амралт, зөвлөгөө ч найдвараа хамгаалах үйлдэл.
18	ja	upright	答えがまだ見えない中で、想像力や感覚を働かせるカードです。未知をすぐ埋めず、夢や印象から自分の内面を知ることができます。想像したことと確認した事実は分けて扱いましょう。	曖昧な気持ちを急いで結論にしないでください。安心できる会話を重ね、少しずつ互いを知りましょう。	発想を広げる段階には役立つ読みです。実行の判断では、仮説を検証する手順を別に設けてください。	印象に残った夢や場面を書き、そのときの感情を探りましょう。未来の予告ではなく、自分を知る問いにしてください。	不明な点を、相手の隠し事と決めつけないでください。分からないまま保留することも選択です。
18	mn	upright	Хариулт тодроогүй үед төсөөлөл, мэдрэмжээ ашиглахыг өгүүлнэ. Үл мэдэгдэхийг шууд нөхөхгүйгээр зүүд, сэтгэгдлээс дотоод ертөнцөө таньж болно. Төсөөлөл, шалгасан баримтаа тусад нь авч үз.	Тодорхой бус мэдрэмжийг яаран дүгнэхгүй бай. Тайван яриагаар бие биеэ бага багаар тань.	Санаа тэлэх шатанд тустай уншлага. Хэрэгжүүлэхдээ таамгийг шалгах тусдаа алхам гарга.	Үлдсэн зүүд, дүрслэлээ бичиж, мэдрэмжээ судал. Ирээдүйн зөгнөл бус өөрийгөө таних асуулт болго.	Мэдэхгүй зүйлээ бусдын нууц гэж бүү тогтоо. Тодорхой болтол түр үлдээх нь ч сонголт.
18	ja	reversed	想像と現実が混ざったり、反対に説明できない感覚をすべて切り捨てたりする偏りを示します。不安な物語を事実として扱わず、感情の存在は認めましょう。確かめられる情報から足場を整える読みです。	返信や表情の意味を一つに決めつけないでください。推測を重ねるより、具体的な出来事を尋ねましょう。	不明確な前提で計画を進めていないか点検してください。分かっている点と未確認の点を共有しましょう。	心配な考えに対して、根拠と反証を一つずつ書いてください。確認できない部分はいったん保留しましょう。	不安を感じることは、悪い出来事の証拠ではありません。眠れないほど気になる場合は、身近な支えを頼ってください。
18	mn	reversed	Төсөөлөл бодиттой холилдох, эсвэл тайлбаргүй мэдрэмжийг бүхэлд нь няцаах туйлшралыг өгүүлнэ. Айдсын түүхийг баримт болголгүй, мэдрэмж байгааг зөвшөөр. Шалгаж болох мэдээллээр сууриа тогтоо.	Хариу, нүүрний хувирлыг нэг утгаар бүү шийд. Таамаг нэмэхээс илүү тодорхой явдлыг асуу.	Бүдэг таамгаар төлөвлөгөө явж байгаа эсэхийг шалга. Мэдсэн болон шалгаагүй зүйлээ хуваалц.	Санаа зовсон бодолдоо нэг үндэслэл, нэг эсрэг баримт бич. Шалгаж чадахгүй хэсгийг түр үлдээ.	Айдас мэдрэх нь муу явдлын нотолгоо биш. Нойр алдах хэмжээнд хүрвэл ойрын дэмжлэгт ханд.
19	ja	upright	自分の力や成果を明るく認め、喜びを分かち合うカードです。隠れていたことが分かりやすくなり、素直な表現が助けになります。成功を味わう時間も、次へ進む力になります。	遠回しな駆け引きより、好意や感謝をはっきり伝えてください。一緒に楽しめる時間が関係を温めます。	できたことを具体的に示し、評価を受け取る読みです。協力した人にも感謝を伝えましょう。	最近の成果を一つ振り返り、自分の工夫を認めてください。喜びを誰かと分かち合いましょう。	明るさを周囲に強制しないでください。自分が元気でも、相手の余裕を確かめましょう。
19	mn	upright	Чадвар, үр дүнгээ ил тод хүлээн зөвшөөрч баяраа хуваалцахыг өгүүлнэ. Бүдгэрсэн зүйл тодорч, шулуун илэрхийлэл тустай болно. Амжилтаа эдлэх цаг дараагийн алхмын хүч болдог.	Далд тоглоомоос илүү хайр, талархлаа тодорхой хэл. Хамт баярлах цаг харилцааг дулаацуулна.	Хийснээ тодорхой харуулж, үнэлгээг хүлээн авах үе. Тусалсан хүмүүст ч таларх.	Саяхны нэг үр дүнгээ эргэн харж өөрийн арга чармайлтыг үнэл. Баяраа хэн нэгэнтэй хуваалц.	Өөдрөг байхыг бусдад бүү тулга. Өөрөө эрчтэй ч нөгөө хүний тэнхээг шалга.
19	ja	reversed	成果や見られ方に気を取られ、休息や周囲への配慮を失っていないか問います。明るく振る舞う努力が、疲れを隠すこともあります。自分の実力を等身大に受け止める読みです。	楽しい関係を演じるより、不満や疲れも伝えてください。いつも元気でいることを互いに求めないようにしましょう。	実績の誇張や、評価を維持するための過労を点検してください。できる範囲を説明し、持続できるペースに戻しましょう。	人に見せるためでなく、自分が楽しめる時間を取ってください。成果を出さない休息も予定に入れましょう。	一時的な不調で、これまでの成果まで否定しないでください。能力と現在の余力は別です。
19	mn	reversed	Амжилт, харагдах байдалд анхаараад амралт, бусдын хэрэгцээг алдсан эсэхийг асууна. Өөдрөг харагдах оролдлого ядаргааг нууж болно. Чадвараа бодит хэмжээгээр хүлээн авах уншлага юм.	Аз жаргалтай мэт жүжиглэхээс илүү ядаргаа, гомдлоо хэл. Үргэлж эрчтэй байхыг бие биедээ бүү шаард.	Үнэлгээг хадгалах хэт ажил, амжилтын хэтрүүлгийг шалга. Чадах хүрээгээ тайлбарлаж, тогтвортой хурдад буц.	Бусдад харуулах бус өөрт таатай цаг гарга. Үр дүн шаардахгүй амралтыг ч төлөвлө.	Түр сулрахад өмнөх ололтоо бүү үгүйсгэ. Чадвар болон одоогийн тэнхээ хоёр өөр.
20	ja	upright	経験を振り返り、これからの目的を選び直すカードです。評価を受ける場面も、自分を新しく定義する機会として読めます。過去の行動を認めたうえで、次の段階に必要な行動を選びましょう。	同じ問題を繰り返さないために、学んだことを話してください。やり直すなら、変える行動を具体的に決めましょう。	振り返りや試験、役割の転換を意識する読みです。経験を整理し、次に示す成果を準備してください。	最近の経験から得た教訓を一つ書きましょう。その教訓を使う予定を今週に入れてください。	過去の失敗だけで自分を定義しないでください。責任を認めることと、永遠に責めることは違います。
20	mn	upright	Туршлагаа эргэн харж цаашдын зорилгоо дахин сонгохыг өгүүлнэ. Үнэлгээ авах үеийг өөрийгөө шинээр тодорхойлох боломж гэж уншина. Өнгөрсөн үйлдлээ хүлээн зөвшөөрөөд дараагийн шатны алхмыг сонго.	Ижил асуудлыг давтахгүйн тулд сурсан зүйлээ ярь. Дахин эхэлбэл өөрчлөх үйлдлээ тодорхой тохир.	Дүгнэлт, шалгалт, үүргийн өөрчлөлтийг анхаарах үе. Туршлагаа цэгцэлж дараа харуулах үр дүнгээ бэлтгэ.	Саяхны туршлагаас нэг сургамж бич. Түүнийг хэрэглэх ажлаа энэ долоо хоногт төлөвлө.	Өөрийгөө зөвхөн өнгөрсөн алдаагаар бүү тодорхойл. Хариуцлага хүлээх нь үүрд буруутгахтай адилгүй.
20	ja	reversed	必要な振り返りや準備を避け、同じ段階にとどまっていないか問います。評価への恐れから逃げるほど、修正の機会を失いやすくなります。人格を裁くのでなく、変えられる行動を見つけましょう。	謝罪や話し合いを先延ばしにしていませんか。過去の説明だけでなく、今後の行動を示してください。	分かっていた課題への準備不足を点検する読みです。評価基準を確認し、優先度の高い不足から補いましょう。	避けている課題を一つ選び、着手する日時を決めてください。完璧な再出発より、具体的な修正を選びましょう。	批判をすべて拒むことも、すべて自分の欠点にすることも避けましょう。使える指摘だけを行動に変えてください。
20	mn	reversed	Хэрэгтэй дүгнэлт, бэлтгэлээс зугтаж нэг шатанд үлдсэн эсэхийг асууна. Үнэлгээнээс айж холдох тусам засах боломж алдагдана. Зан чанараа шүүх бус, өөрчилж болох үйлдлийг ол.	Уучлал, ярилцахаа хойшлуулсан уу. Өнгөрснийг тайлбарлахаас гадна цаашдын үйлдлээ үзүүл.	Мэдэж байсан даалгаврын бэлтгэлээ шалгах үе. Шалгуураа тодруулж, чухал дутагдлаас нөх.	Зайлсхийсэн нэг ажлаа сонгож эхлэх цагаа товло. Төгс дахин эхлэлээс илүү бодит засвар сонго.	Шүүмжлэлийг бүхэлд нь няцаах эсвэл бүгдийг өөрийн дутагдал болгохгүй бай. Хэрэгтэй хэсгийг нь үйлдэл болго.
21	ja	upright	経験のつながりを理解し、自分の歩みを全体として受け止めるカードです。完成は欠点がなくなることではなく、今の段階に区切りをつけられることです。得た充足を味わい、次の世界への余白も残しましょう。	互いの違いを含めて関係を認める読みです。一緒に築いたものを振り返り、感謝を言葉にしてください。	仕事の完成や成果の統合を意識する段階です。記録と引き継ぎまで整えると、経験が次に生きます。	終えたことと学んだことをまとめましょう。一区切りを祝う時間を設けてください。	完成したから成長が終わるわけではありません。次の目標を急ぐ前に、今の充足を味わいましょう。
21	mn	upright	Туршлагын холбоог ойлгож замналаа бүхлээр нь хүлээн авахыг өгүүлнэ. Дуусгах нь өө сэвгүй болох бус, энэ шатанд цэг тавих чадвар. Хангалуун байдлаа эдэлж дараагийн ертөнцөд зай үлдээ.	Ялгаатай талыг нь ч багтаан харилцаагаа хүлээн ав. Хамт бүтээснээ эргэн харж талархлаа хэл.	Ажлаа дуусгаж үр дүнг нэгтгэх үе. Бүртгэл, шилжүүлгийг бэлдвэл туршлага цааш хэрэг болно.	Дуусгасан, сурсан зүйлээ нэгтгэ. Нэг үе шатаа тэмдэглэх цаг гарга.	Дууссан нь өсөлт дууссан гэсэн үг биш. Дараагийн зорилгыг яарахаас өмнө одоогийн ханамжаа эдэл.
21	ja	reversed	足りないものや他人との比較に気を取られ、すでにある充足を見失っていないか問います。細かな成果だけを数えると、経験全体の意味が見えにくくなります。自分にとって十分とは何かを定めましょう。	理想と比較するだけで、日々の支えを見落としていませんか。足りない点とありがたい点を両方話してください。	完成条件が曖昧だと、いつまでも終えられません。今回の範囲を決め、追加の改善は次へ分けましょう。	今あるものの価値を一つ具体的に書いてください。終わらせるために必要な最後の作業も決めましょう。	他人の達成速度を、自分の締切にしないでください。比較より、自分が引き受けた目的を基準にしましょう。
21	mn	reversed	Дутуу зүйл, бусадтай харьцуулалт одоо байгаа ханамжийг халхалсан эсэхийг асууна. Жижиг амжилт л тоолбол нийт туршлагын утга бүдгэрнэ. Өөрт хангалттай гэдэг нь юу болохыг тодруул.	Төгс төсөөлөлтэй харьцуулаад өдөр тутмын дэмжлэгийг мартсан уу. Дутуу болон талархах зүйлээ хоёуланг ярь.	Дуусах шалгуур бүдэг бол ажил төгсөхгүй. Энэ удаагийн хүрээг тогтоож нэмэлт сайжруулалтыг дараагийн шатанд салга.	Одоо байгаа нэг зүйлийн үнэ цэнийг тодорхой бич. Дуусгах сүүлчийн ажлаа ч тогтоо.	Бусдын хурдыг өөрийн хугацаа бүү болго. Харьцуулалтаас илүү хүлээсэн зорилгоо баримтал.
