64	ja	upright	暮らしや仕事の土台を育てる、具体的な機会に目を向けるカードです。すでに持っている資源を認めると、現実的な第一歩が見えてきます。	気持ちを日常の行動で示してください。時間を守るなど、小さな信頼が関係の土台になります。	新しい技能や収入につながる機会を検討する読みです。条件を確認し、実行できる計画へ整えましょう。	使える時間、技能、道具を一覧にしてください。その資源で始められる一つを選びましょう。	機会があることは利益の保証ではありません。費用と負担を確かめてください。
64	mn	upright	Амьдрал, ажлын суурь өсгөх бодит боломжийг харахыг өгүүлнэ. Байгаа нөөцөө хүлээн зөвшөөрвөл хэрэгжих эхний алхам тодорно.	Мэдрэмжээ өдөр тутмын үйлдлээр үзүүл. Цаг барих зэрэг жижиг итгэл холбооны суурь болно.	Шинэ чадвар, орлогын боломжийг бодох үе. Нөхцөлийг шалгаж хэрэгжих төлөвлөгөө болго.	Цаг, чадвар, хэрэгслээ жагсаа. Түүгээр эхлэх нэгийг сонго.	Боломж нь ашгийн баталгаа биш. Зардал, ачааг шалга.
64	ja	reversed	もっと欲しい気持ちが、今ある恵みや実際の必要を見えにくくしていないか問います。量を増やす前に、何を満たそうとしているか確かめましょう。	贈り物の値段だけで愛情を測らないでください。相手の時間や配慮にも目を向けましょう。	条件の数字だけを追い、生活への影響を見落としていませんか。働く時間や継続性も比較してください。	欲しいものを必要と希望に分けてください。すでに足りている部分も書きましょう。	不安を埋めるための消費は満足が続かない場合があります。決める前に少し時間を置いてください。
64	mn	reversed	Илүүг хүсэх нь байгаа баялаг, бодит хэрэгцээг халхалсан эсэхийг асууна. Тоог нэмэхээс өмнө юуг хангах гэж байгаагаа шалга.	Бэлгийн үнээр хайрыг бүү хэмж. Цаг, халамжийг нь ч хар.	Зөвхөн тоог хөөж амьдралын нөлөөг мартсан уу. Ажлын цаг, үргэлжлэх боломжийг ч харьцуул.	Хүссэнээ хэрэгцээ, хүсэл гэж ялга. Аль хэдийн хүрэлцсэн хэсгийг ч бич.	Түгшүүрээ дарах хэрэглээ удаан хангахгүй байж болно. Шийдэхээс өмнө түр хүлээ.
65	ja	upright	限られた資源をやりくりし、優先するものを選ぶカードです。すべてを同じ重さで扱わず、今の状況に合う配分へ調整しましょう。	会う時間や生活の負担を相談してください。忙しさを愛情の不足と決めつけず、現実的な予定を探しましょう。	複数の仕事を比較し、時間と費用を配分する読みです。必要なら優先順位を関係者と確認しましょう。	今週の予定を見て、減らせる一件を選んでください。重要な活動へ余裕を移しましょう。	比較に時間を使いすぎないでください。十分な条件がそろったら決めましょう。
65	mn	upright	Хязгаартай нөөцөө зохицуулж чухлыг сонгохыг өгүүлнэ. Бүхэнд ижил жин өгөхгүй одоогийн нөхцөлд тааруул.	Уулзах цаг, амьдралын ачаагаа ярь. Завгүйг хайргүй гэж шийдэхгүй бодит хуваарь хай.	Олон ажлын цаг, зардлыг хуваарилах үе. Хэрэгтэй бол эрэмбээ холбогдох хүмүүстэй шалга.	Долоо хоногийн нэг багасгах ажлаа сонго. Чухалд нь нөөц шилжүүл.	Харьцуулахад хэт цаг бүү зарцуул. Нөхцөл хүрэлцвэл шийд.
65	ja	reversed	比較を続けて決められないことや、影響を考えず予定を増やすことを問いかけます。細かな得より、全体の負担を確認しましょう。	曖昧な予定で相手を待たせていませんか。できる範囲を決めて伝えてください。	余力を超える依頼を引き受けないでください。優先度の低い作業を延期する相談が必要です。	選ぶための条件を三つ以内に絞りましょう。判断の期限を設けてください。	小さな節約のために大きな時間を失わないでください。時間も資源として数えましょう。
65	mn	reversed	Харьцуулсаар шийдэхгүй байх, нөлөөг тооцолгүй хуваарь нэмэхийг асууна. Жижиг ашгаас илүү нийт ачааг шалга.	Бүдэг төлөвлөгөөгөөр хүнийг хүлээлгэсэн үү. Чадах хүрээгээ тогтоож хэл.	Тэнхээнээс давсан хүсэлт бүү ав. Чухал бишийг хойшлуулах талаар ярь.	Сонгох нөхцөлөө гурваас хэтрүүлэхгүй болго. Шийдэх хугацаа тогтоо.	Жижиг хэмнэлтээр их цаг бүү алд. Цагийг ч нөөц гэж тооц.
66	ja	upright	役割と品質の基準をそろえ、協力して形にするカードです。自分の担当を確実に果たすことが、共同の成果を支えます。	関係の維持を片方だけの仕事にしないでください。生活の分担や約束を具体的に決めましょう。	求められた仕様を理解し、価値ある成果物をつくる読みです。途中で認識を合わせてください。	完成の条件を相手と確認しましょう。自分が担当する部分を期限内に仕上げてください。	評価を得るために本来の目的を見失わないでください。何の役に立つ仕事かを確認しましょう。
66	mn	upright	Үүрэг, чанарын шалгуураа нэгтгэн хамт бүтээхийг өгүүлнэ. Өөрийн хэсгийг найдвартай хийх нь нийт үр дүнг дэмжинэ.	Холбоогоо хадгалахыг нэг талын ажил бүү болго. Амьдралын үүрэг, амлалтаа тодруул.	Шаардлагыг ойлгож үнэ цэнтэй бүтээл гаргах үе. Явцад ойлголтоо тохируул.	Дуусах нөхцөлийг нөгөө хүнтэй шалга. Өөрийн хэсгийг хугацаанд гүйцээ.	Үнэлгээ авах гэж үндсэн зорилгоо бүү алд. Юунд хэрэгтэй ажил болохыг шалга.
66	ja	reversed	約束した品質や担当が守られず、信頼が揺らいでいないか問います。誰かの好みに合わせるだけでなく、合意した条件へ戻る必要があります。	察してもらう前提を減らしてください。引き受けたこととできないことを確認しましょう。	仕様の行き違いや担当の抜けを点検する読みです。責めるより、修正の順番と責任者を決めましょう。	最近の約束を一つ確認してください。未達なら、現状と対応予定を伝えましょう。	見られているときだけ丁寧にする姿勢は信頼を損ねます。普段の品質を安定させましょう。
66	mn	reversed	Тохирсон чанар, үүрэг биелэлгүй итгэл ганхсан эсэхийг асууна. Зөвхөн таалагдах бус тохиролцсон нөхцөлдөө буцах хэрэгтэй.	Өөрөө ойлгоно гэсэн хүлээлтээ багасга. Авсан үүрэг, чадахгүйгээ шалга.	Шаардлагын зөрүү, орхигдсон үүргийг шалгах үе. Буруутгахын оронд засах дараалал, хариуцагч тогтоо.	Саяхны нэг амлалтаа шалга. Биелээгүй бол байдал, төлөвлөгөөгөө хэл.	Зөвхөн харахад нь нямбай байх итгэлийг алдана. Өдөр тутмын чанараа тогтвортой болго.
67	ja	upright	将来の必要に備え、資源を守るカードです。使わない選択にも目的があれば、安心の土台をつくれます。	お金や時間の使い方を率直に相談してください。安心できる基準を二人で決めましょう。	予算や作業範囲を管理する読みです。予備の時間や資源を残す計画が役立ちます。	守りたい生活の基盤を一つ選びましょう。そのための無理のない蓄え方を決めてください。	守ることが、必要な支出まで拒むことにならないようにしましょう。目的に照らして判断してください。
67	mn	upright	Ирээдүйн хэрэгцээнд бэлтгэж нөөцөө хамгаалахыг өгүүлнэ. Зарцуулахгүй сонголт зорилготой бол амар суурь бүтээнэ.	Мөнгө, цагийн хэрэглээг шулуун ярь. Тайван байх шалгуураа хамт тогтоо.	Төсөв, ажлын хүрээг удирдах үе. Цаг, нөөцийн үлдэгдэлтэй төлөвлөгөө тустай.	Хамгаалах амьдралын нэг сууриа сонго. Түүнд тохирох дарамтгүй хуримтлал тогтоо.	Хамгаалах нь хэрэгтэй зардал няцаалт болохгүй байг. Зорилгоороо шийд.
67	ja	reversed	失う恐れから、必要な共有や支出まで止めていないか問います。自分の安全だけを守ろうとすると、関係や資源の使い方が硬直します。	お金や愛情を交渉の道具として出し惜しみしないでください。必要な境界線は言葉で相談しましょう。	節約が品質や効率を損なっていないか確認してください。支払わないことで生じる負担も数えましょう。	手放せない一つについて、守っている理由を書いてください。今もその理由が成り立つか確かめましょう。	寛大になるために無理な出費をする必要はありません。恐れだけで決めないことが大切です。
67	mn	reversed	Алдах айдсаар хэрэгтэй хуваалцах, зарцуулахыг хүртэл зогсоосон эсэхийг асууна. Зөвхөн өөрийн аюулгүйг хамгаалбал холбоо, нөөцийн хэрэглээ хөшнө.	Мөнгө, хайрыг хэлэлцээний хэрэгсэл болгон бүү харамла. Хэрэгтэй хилээ үгээр тохир.	Хэмнэлт чанар, үр ашгийг муутгасан эсэхийг шалга. Төлөхгүйгээс үүсэх ачааг ч тооц.	Тавьж чадахгүй нэг зүйлийн учрыг бич. Тэр учир одоо хүчинтэй эсэхийг шалга.	Өгөөмөр болох гэж хэт зарцуулах хэрэггүй. Зөвхөн айдсаар шийдэхгүй байх нь чухал.
68	ja	upright	足りないものを認め、支援を受けながら暮らしを立て直すカードです。困窮は自分の価値を決めるものではなく、必要を具体化する場面として読めます。	困っていることを隠して距離を取らないでください。できる支えと必要な助けを話しましょう。	不足する資源を明確にし、支援や代替案を探す読みです。今あるものを使う方法も検討してください。	一番困る必要を一つ書いてください。相談できる人や窓口を調べ、連絡する準備をしましょう。	援助を受けることを恥にしないでください。一人で抱えずに済む道を探せます。
68	mn	upright	Дутуугаа хүлээн зөвшөөрч дэмжлэгтэй амьдралаа сэргээхийг өгүүлнэ. Хомсдол үнэ цэнийг тогтоохгүй, хэрэгцээг тодруулах үе гэж уншина.	Хэцүүгээ нууж холдохгүй бай. Өгч чадах түшиг, хэрэгтэй тусламжаа ярь.	Дутуу нөөцөө тодруулж тусламж, өөр хувилбар хайх үе. Байгаагаа ашиглах аргыг ч бод.	Хамгийн хэцүү нэг хэрэгцээгээ бич. Зөвлөх хүн, байгууллагыг олж холбогдох бэлтгэл хий.	Тусламж авахыг ичгүүр бүү болго. Ганцаар үүрэхгүй зам хайж болно.
68	ja	reversed	欠乏感が強まり、差し出された助けや改善の機会を拒んでいないか問います。実際の困難を認めながら、受け取れる支援を具体的に探しましょう。	どうせ理解されないと決めつける前に、必要を短く伝えてください。相手にできることも確認しましょう。	使える制度や相談を、先に諦めていませんか。条件を調べてから判断してください。	断った支援を一つ思い出し、理由を確認しましょう。別の形なら受け取れるか考えてください。	困窮を本人の気持ちだけの問題にしないでください。現実の資源不足には具体的な支援が必要です。
68	mn	reversed	Хомсдолын мэдрэмжээс тусламж, сайжруулах боломжийг няцаасан эсэхийг асууна. Бодит бэрхшээлийг зөвшөөрөн хүлээн авч болох дэмжлэгийг тодорхой хай.	Ойлгохгүй гэж шийдэхээс өмнө хэрэгцээгээ товч хэл. Нөгөө хүн юу хийж чадахыг шалга.	Боломжит үйлчилгээ, зөвлөгөөг урьдчилан орхисон уу. Нөхцөлийг судлаад шийд.	Татгалзсан нэг тусламжийн учрыг сана. Өөр хэлбэрээр авч болох эсэхийг бод.	Хомсдолыг зөвхөн хүний бодлын асуудал бүү болго. Нөөцийн дутагдалд бодит тусламж хэрэгтэй.
69	ja	upright	時間や資源を公平に分け、共同の目的へ力を合わせるカードです。与える側だけが上に立つのではなく、互いの尊厳を守る支援を表します。	支える役割が固定していないか確認してください。感謝と必要を交換する時間を取りましょう。	仕事や評価を公平に配分する読みです。見えにくい貢献にも目を向けてください。	余裕のある資源を一つ確認し、必要な相手へ分けましょう。受け取り方は相手に選んでもらってください。	援助に隠れた見返りをつけないでください。条件があるなら最初に説明しましょう。
69	mn	upright	Цаг, нөөцийг шударга хувааж нийтлэг зорилгод хамтрахыг өгүүлнэ. Өгөгч дээгүүр бус, хоёр талын нэр төрийг хадгалах дэмжлэг юм.	Дэмжих үүрэг тогтсон эсэхийг шалга. Талархал, хэрэгцээгээ солилцох цаг ав.	Ажил, үнэлгээг шударга хуваарилах үе. Ил харагдахгүй хувь нэмрийг ч хар.	Илүү нэг нөөцөө хэрэгтэй хүнд хуваалц. Авах хэлбэрийг өөрт нь сонгуул.	Тусламжид далд хариу бүү нэх. Нөхцөлтэй бол эхэлж тайлбарла.
69	ja	reversed	援助が相手を支配する手段になったり、負担が偏ったりしていないか問います。善意という言葉より、実際の条件と配分を確認しましょう。	助けたことを理由に選択を制限しないでください。受ける側も、難しい条件には同意しなくて構いません。	仕事や報酬の偏りを記録で点検してください。合意した担当が守られているか確認しましょう。	与えるものと求めるものを明文化してください。双方が断れる条件か見直しましょう。	注目を集めるために人の困り事を利用しないでください。支援される人の意向を優先しましょう。
69	mn	reversed	Тусламж хяналтын хэрэгсэл болох, ачаа тэгш бус болсон эсэхийг асууна. Сайн санаа гэхээс илүү бодит нөхцөл, хуваарийг шалга.	Тусалснаараа сонголтыг бүү хязгаарла. Авч буй хүн ч хэцүү нөхцөлийг зөвшөөрөх албагүй.	Ажил, шагналын зөрүүг бүртгэлээр шалга. Тохирсон үүрэг биелсэн эсэхийг нягтал.	Өгөх, хүсэх зүйлээ бичгээр тодруул. Хоёр тал татгалзаж болох нөхцөл мөн эсэхийг хар.	Анхаарал татах гэж хүний бэрхшээлийг бүү ашигла. Тусламж авагчийн хүслийг түрүүнд тавь.
70	ja	upright	これまでの努力を測り、今後のやり方を改善するカードです。続けた時間だけでなく、満足や実際の成果を確かめることが大切です。	関係がどう育ったか、二人で振り返ってください。続けたい習慣と変えたい点を話しましょう。	進捗と目的のずれを確認する読みです。必要なら方法や目標を調整してください。	成果を一つ測り、改善案を一つ書きましょう。次に確認する日を決めてください。	成長の遅さだけで失敗と決めつけないでください。必要な時間と方向の問題を分けましょう。
70	mn	upright	Өмнөх хичээл зүтгэлээ хэмжиж цаашдын аргыг сайжруулахыг өгүүлнэ. Зөвхөн зарцуулсан цаг бус ханамж, бодит үр дүнг шалгах нь чухал.	Холбоо яаж өссөнийг хамт эргэн хар. Үргэлжлүүлэх дадал, өөрчлөх зүйлээ ярь.	Ахиц, зорилгын зөрүүг шалгах үе. Хэрэгтэй бол арга, зорилгоо тохируул.	Нэг үр дүнг хэмжиж нэг сайжруулах санаа бич. Дараа шалгах өдрөө тогтоо.	Удаан өссөнийг шууд бүтэлгүй бүү гэж үз. Хугацааны хэрэгцээ, чиглэлийн асуудлыг ялга.
70	ja	reversed	過去の機会を悔やんだり、厳しすぎる基準で成果を否定したりしていないか問います。批判を改善に変えるには、自分も次の行動に参加する必要があります。	以前の関係や理想と比較して、今の努力を消さないでください。具体的な希望を伝えましょう。	結果に不満があるなら、変更できる工程を一つ選んでください。評価だけでなく改善へ関わりましょう。	後悔の一つを次回の対策へ書き換えてください。取り戻せない時間より、次に使う時間を決めましょう。	完璧な成果を他者に要求しないでください。使える資源と合意した基準を確認しましょう。
70	mn	reversed	Алдсан боломждоо харамсах, хэт шалгуураар үр дүнг үгүйсгэсэн эсэхийг асууна. Шүүмжийг сайжруулалт болгоход өөрөө ч дараагийн үйлдэлд оролцох хэрэгтэй.	Өмнөх холбоо, идеалтай харьцуулж одоогийн зүтгэлийг бүү арилга. Хүслээ тодорхой хэл.	Үр дүнд дургүй бол өөрчлөх нэг алхам сонго. Үнэлэхээс гадна засварт оролц.	Нэг харамслыг дараагийн арга хэмжээ болгож бич. Буцаахгүй цагаас илүү дараа ашиглах цагаа тогтоо.	Бусдаас төгс үр дүн бүү шаард. Нөөц, тохирсон шалгуурыг шалга.
71	ja	upright	細部に注意を向け、練習と工夫で技能を磨くカードです。丁寧な積み重ねは、目立たなくても確かな価値になります。	関係をよくする行動を日々続けてください。小さな約束を守ることが信頼につながります。	作業の質を高める学習や反復に向く読みです。得意にしたい工程を絞って練習しましょう。	一つの技能に短い練習時間を設けてください。前回との違いを確認しましょう。	丁寧さを無限の修正にしないでください。求められる品質と終える時点を決めましょう。
71	mn	upright	Нарийн зүйлд анхаарч дадлага, аргаар чадвараа хөгжүүлэхийг өгүүлнэ. Ил харагдахгүй ч нямбай хуримтлал бодит үнэ цэнтэй.	Холбоогоо сайжруулах үйлдлийг өдөр бүр хий. Жижиг амлалт итгэлийг өсгөнө.	Чанарыг өсгөх сургалт, давталтын үе. Сайжруулах нэг алхмаа сонгон дадлага хий.	Нэг чадварт богино дадлагын цаг гарга. Өмнөхөөс ялгааг шалга.	Нямбайг төгсгөлгүй засвар бүү болго. Шаардлагатай чанар, дуусах мөчөө тогтоо.
71	ja	reversed	急ぎや惰性、過労が仕事の質を下げていないか問います。向かない働き方を我慢するだけでなく、学び方や負担の調整が必要です。	気遣いが形だけになっていませんか。相手が実際に喜ぶことを聞き直しましょう。	手抜きか働きすぎか、原因を分けて点検してください。必要な訓練と休息を整えましょう。	繰り返すミスを一つ選び、工程を見直してください。速度を落として再確認しましょう。	完璧さを理由に休みを失わないでください。継続できる品質を目指しましょう。
71	mn	reversed	Яарал, инерци, хэт ажил чанарыг бууруулсан эсэхийг асууна. Тохирохгүй аргадаа тэвчихээс гадна сурах арга, ачаагаа тохируулах хэрэгтэй.	Халамж хэлбэр төдий болсон уу. Үнэхээр юу баярлуулахыг дахин асуу.	Хайнга эсвэл хэт ажилласан уу гэдгийг ялга. Хэрэгтэй сургалт, амралтыг бүрдүүл.	Давтагдсан нэг алдааны алхмыг шалга. Хурдаа бууруулан нягтал.	Төгсийг шалтаглан амралтаа бүү алд. Үргэлжлэх чанарыг зорь.
72	ja	upright	自分に必要なものを知り、学習と節度で自立を育てるカードです。原典では複雑な課題を小分けにし、今あるものに満足する姿勢も重視します。	一人の時間や技能を大切にしてください。自立した生活が、無理のない関わりを支えます。	難しい仕事を段階に分けて習得する読みです。必要な訓練へ十分な時間を配分しましょう。	必要と欲しいものを分けて書いてください。大切な目標へ時間を優先しましょう。	自立は助けを使わないことではありません。教わることも力を育てます。
72	mn	upright	Хэрэгцээгээ мэдэж суралцах, хэм хэмжээгээр бие даахыг өгүүлнэ. Эх сурвалж хэцүү ажлыг жижиглэх, байгаадаа ханахыг ч онцолдог.	Ганцаар байх цаг, чадвараа эрхэмлэ. Бие даасан амьдрал дарамтгүй холбоог дэмжинэ.	Хэцүү ажлыг шаталж сурах үе. Дадлагад хангалттай цаг өг.	Хэрэгтэй, хүссэн зүйлээ ялгаж бич. Чухал зорилгод цагаа түрүүлж өг.	Бие даах нь тусламж ашиглахгүй гэсэн үг биш. Заалгах нь ч хүч өсгөнө.
72	ja	reversed	必要な学習を省き、立場や成果だけを求めていないか問います。何を得ても不足する感覚があるなら、自分の基準を見直しましょう。	相手を知る時間を省いて、理想だけを求めないでください。日常の会話から理解を育てましょう。	訓練なしに難しい担当を引き受けていませんか。必要な支援と習得期間を相談してください。	今の目標に必要な前提技能を確認しましょう。足りない一つを練習してください。	自立の見た目を保つために無理をしないでください。現在の余力を率直に認めましょう。
72	mn	reversed	Сурахыг алгасаж зөвхөн байр суурь, үр дүн хүссэн эсэхийг асууна. Юу авсан ч дутвал өөрийн шалгуурыг шалга.	Таних цагийг алгасан зөвхөн идеал бүү хүс. Өдөр тутмын яриагаар ойлголт ургуул.	Сургалтгүй хэцүү үүрэг авсан уу. Дэмжлэг, сурах хугацааг тохир.	Зорилгод хэрэгтэй суурь чадвараа шалга. Дутуу нэгийг дадлагажуул.	Бие даасан харагдах гэж хэт бүү зүтгэ. Одоогийн тэнхээг үнэнээр зөвшөөр.
73	ja	upright	築いてきた生活の豊かさを認め、身近な人と分かち合うカードです。所有の量だけでなく、安心して使える基盤に目を向けましょう。	家族や大切な人との日常をねぎらってください。感謝を、無理のない時間や行動で示しましょう。	積み重ねた技能や安定した仕組みを活用する読みです。成果を将来にも使える形へ残してください。	生活を支える仕組みを一つ確認しましょう。それを保つ小さな手入れをしてください。	豊かさを人に見せるための出費に変えないでください。自分たちの必要を基準にしましょう。
73	mn	upright	Бүтээсэн амьдралын баялгаа үнэлж ойрын хүмүүстэй хуваалцахыг өгүүлнэ. Өмчийн тооноос илүү найдвартай ашиглах сууриа хар.	Гэр бүл, чухал хүмүүсийн өдөр тутмыг үнэл. Талархлаа боломжийн цаг, үйлдлээр үзүүл.	Хуримтлагдсан чадвар, тогтвортой аргыг ашиглах үе. Үр дүнгээ ирээдүйд хэрэглэх хэлбэрт үлдээ.	Амьдралыг түшсэн нэг тогтолцоог шалга. Хадгалах жижиг арчилгаа хий.	Баялгаа харуулах зардал бүү болго. Өөрсдийн хэрэгцээг шалгуур болго.
73	ja	reversed	豊かさを示すことや見返りへの期待が、身近な関係を圧迫していないか問います。高価なものを渡すより、相手の必要を理解することが重要です。	贈り物で好意や同意を買おうとしないでください。気持ちを直接話しましょう。	地位や待遇の見栄えだけで選んでいませんか。実際の働き方と継続する負担を確認してください。	最近の大きな支出の目的を振り返りましょう。満たしたい必要に合っていたか確かめてください。	自分に何が返るかだけで関係を測らないでください。見えにくい支えも数えましょう。
73	mn	reversed	Баялгаа харуулах, хариу хүлээх нь ойрын холбоог дарамталсан эсэхийг асууна. Үнэтэй зүйлээс илүү хэрэгцээг нь ойлгох чухал.	Бэлгээр хайр, зөвшөөрөл худалдаж авах гэж бүү оролд. Сэтгэлээ шууд ярь.	Албан тушаал, нөхцөлийн харагдах байдлаар сонгосон уу. Бодит ажил, үргэлжлэх ачааг шалга.	Саяхны том зардлын зорилгыг бод. Хангах хэрэгцээнд нийцсэн эсэхийг шалга.	Өөрт ирэх ашгаар л холбоог бүү хэмж. Ил харагдахгүй түшгийг ч тооц.
74	ja	upright	実際に手を動かし、暮らしや仕事の基礎を学ぶカードです。小さな習慣を始めることで、将来の選択肢を増やせます。	大きな約束より、日々の信頼を積み重ねてください。相手の必要を知る質問から始めましょう。	実務の技能を学ぶ段階として読めます。説明を読むだけでなく、短い練習を取り入れてください。	生活に役立つ一つの習慣を決めましょう。続けた日を記録してください。	初心者であることを隠す必要はありません。分からない点を早めに確認しましょう。
74	mn	upright	Өөрөө хийж амьдрал, ажлын суурийг сурахыг өгүүлнэ. Жижиг дадал ирээдүйн сонголтыг нэмнэ.	Том амлалтаас илүү өдөр тутмын итгэлээ өсгө. Хэрэгцээг нь асуухаас эхэл.	Практик чадвар сурах шат. Уншихаас гадна богино дадлага оруул.	Амьдралд тустай нэг дадал сонго. Хийсэн өдрөө тэмдэглэ.	Эхлэгч гэдгээ нуух хэрэггүй. Мэдэхгүйгээ эрт шалга.
74	ja	reversed	今の見栄えや楽しさを優先し、学習や先の準備を省いていないか問います。豊かに見せることより、実際の基礎を育てましょう。	よく見せるために無理な支出や約束をしないでください。今の自分を率直に伝えましょう。	技能不足を立場や外見で補おうとしていませんか。基本の作業へ戻って練習してください。	先延ばしにした学習を短時間だけ再開しましょう。最初の一項目を終えてください。	今日だけを考える選択が、明日の負担を増やしていないか確認しましょう。小さな備えを残してください。
74	mn	reversed	Өнөөгийн харагдах байдал, зугааг урьтал болгож сургалт, бэлтгэлийг хассан эсэхийг асууна. Баян харагдахаас илүү бодит сууриа өсгө.	Сайхан харагдах хэт зардал, амлалт бүү хий. Одоогийн өөрийгөө үнэнээр хэл.	Чадварын дутагдлыг байр суурь, төрхөөр нөхөх гэж байна уу. Суурь ажилдаа буцаж дадлага хий.	Хойшлуулсан сургалтаа богино хугацаанд сэргээ. Эхний нэг хэсгийг дуусга.	Зөвхөн өнөөдрийг бодсон сонголт маргаашийн ачаа болсон эсэхийг шалга. Жижиг бэлтгэл үлдээ.
75	ja	upright	細かな条件を確認し、手元の資源を賢く使うカードです。派手さより信頼性を重視し、着実な実行で基盤を守ります。	安定した連絡や約束の実行を大切にしてください。小さな継続が安心につながります。	事実と記録に基づいて作業を進める読みです。既存の資源を工夫して使う方法を探しましょう。	費用や工程の一つを点検してください。無理なく効率を上げられる部分を改善しましょう。	慎重さで動きが止まらないようにしてください。確認を終える基準も決めましょう。
75	mn	upright	Нарийн нөхцөлийг шалгаж байгаа нөөцөө ухаалгаар хэрэглэхийг өгүүлнэ. Гялбаанаас илүү найдвартайг эрхэмлэн тогтвортой үйлдлээр сууриа хамгаална.	Тогтвортой холбоо, амлалтаа биелүүлэхийг эрхэмлэ. Жижиг үргэлжлэл тайван байдлыг өсгөнө.	Баримт, бүртгэлээр ажлаа ахиулах үе. Байгаа нөөцөө эвтэй ашиглах арга хай.	Нэг зардал эсвэл алхмаа шалга. Дарамтгүй үр ашгийг өсгөх хэсгээ сайжруул.	Болгоомж хөдөлгөөнийг зогсоохгүй байг. Шалгалт дуусах шалгуур тогтоо.
75	ja	reversed	細部への執着と、結果を考えない行動の両方を点検するカードです。確認の目的を見失わず、暮らし全体への影響を見ましょう。	細かな習慣の違いを責めすぎないでください。二人の安心に必要な条件だけを相談しましょう。	小さな数字ばかり見て、全体の目的を忘れていませんか。品質と時間の釣り合いを確認してください。	何度も確認する作業を一つ選び、終了条件を決めましょう。終えたら次へ進んでください。	ストレスを買い物などで埋める前に、原因を振り返りましょう。必要な休息や相談を選べます。
75	mn	reversed	Жижиг зүйлд хэт автах, үр дагаваргүй үйлдэх хоёр талыг шалгана. Шалгах зорилгоо алдалгүй амьдралын нийт нөлөөг хар.	Жижиг дадлын ялгааг хэт бүү буруутга. Хоёул тайван байх нөхцөлийг л ярь.	Жижиг тоо хараад нийт зорилгоо мартсан уу. Чанар, цагийн тэнцвэрийг шалга.	Давтан шалгадаг нэг ажлын төгсгөлийг тогтоо. Дуусаад дараагийнх руу ор.	Стрессээ худалдан авалтаар дарахаас өмнө учрыг бод. Амралт, зөвлөгөө сонгож болно.
76	ja	upright	暮らしの心地よさを味わい、自分や他者を具体的にいたわるカードです。努力へのねぎらいを、無理のない楽しみとして受け取れます。	食事や落ち着ける時間など、日常の温かさを大切にしてください。相手が心地よいと感じる方法を聞きましょう。	成果にふさわしい休息や報酬を認める読みです。働く環境の使いやすさも整えてください。	自分に小さなねぎらいを用意しましょう。急がず楽しむ時間を確保してください。	物を与えるだけで感情の必要が満たされるとは限りません。話を聞く時間も大切です。
76	mn	upright	Амьдралын тав тухыг эдэлж өөртөө, бусдад бодит халамж өгөхийг өгүүлнэ. Хичээл зүтгэлийн шагналыг дарамтгүй таашаалаар авч болно.	Хоол, тайван цаг зэрэг өдөр тутмын дулааныг эрхэмлэ. Юу тухтай санагдахыг нь асуу.	Үр дүнд тохирох амралт, шагналаа зөвшөөрөх үе. Ажлын орчны хэрэглэхэд эвтэй байдлыг ч торд.	Өөртөө жижиг урамшуулал бэлд. Яаралгүй эдлэх цаг хамгаал.	Эд зүйл өгөөд сэтгэлийн хэрэгцээ бүрэн ханахгүй. Сонсох цаг ч чухал.
76	ja	reversed	快適さへの欲求が止まらず、感謝や感情のつながりが薄れていないか問います。与える量を増やすより、何が必要か聞くことが助けになります。	生活を整えるだけで満足していませんか。相手の寂しさや希望も聞いてください。	報酬や環境の改善だけで疲れを解決しようとしないでください。作業量や対人関係も見直しましょう。	最近の楽しみが本当に休息になったか振り返ってください。量を減らし、味わう時間を増やしましょう。	当然受け取れると思う気持ちが、支えへの感謝を隠していないか確認してください。具体的にお礼を伝えましょう。
76	mn	reversed	Тав тухын хүсэл зогсохгүй талархал, сэтгэлийн холбоо суларсан эсэхийг асууна. Өгөх хэмжээг нэмэхээс илүү хэрэгцээг асуух нь тустай.	Амьдралыг зохицуулснаараа ханасан уу. Ганцаардал, хүслийг нь ч сонс.	Шагнал, орчны өөрчлөлтөөр ядаргааг бүгдийг шийдэхгүй. Ажлын хэмжээ, харилцааг ч шалга.	Саяхны таашаал үнэхээр амралт болсон эсэхийг бод. Хэмжээг багасгаж эдлэх цагийг нэм.	Авах ёстой гэх бодол талархлыг халхалсан эсэхийг шалга. Тодорхой баярлалаа хэл.
77	ja	upright	長期的な安定を考え、責任を持って資源を管理するカードです。今の豊かさを使い切るより、将来の必要にも備える姿勢を表します。	生活の計画を共有し、頼れる行動を続けてください。支えることと決定を独占することは分けましょう。	継続性や現実的な条件を重視する読みです。役割を引き受ける前に責任の範囲を確認してください。	将来のために整えたい一つを選びましょう。無理のない維持計画をつくってください。	安定は変化を一切拒むことではありません。よりよい方法を検討する余地を持ちましょう。
77	mn	upright	Урт хугацааны тогтвортойг бодож нөөцөө хариуцлагатай удирдахыг өгүүлнэ. Одоогийн баялгийг бүгдийг зарцуулах бус ирээдүйн хэрэгцээнд бэлтгэнэ.	Амьдралын төлөвлөгөөг хуваалцаж найдвартай үйлдлээ үргэлжлүүл. Дэмжих, шийдвэрийг ганцаардахыг ялга.	Үргэлжлэх боломж, бодит нөхцөлийг эрхэмлэх үе. Үүрэг авахаас өмнө хариуцлагын хүрээг шалга.	Ирээдүйд бэлдэх нэг зүйлийг сонго. Дарамтгүй хадгалах төлөвлөгөө гарга.	Тогтвортой нь бүх өөрчлөлтийг няцаах биш. Илүү сайн аргыг бодох зайтай бай.
77	ja	reversed	利益や安定への執着が、変化や他者への配慮を妨げていないか問います。経験や資源を持つ立場だからこそ、支配でなく説明と合意が必要です。	生活を支えていることを理由に相手を従わせないでください。希望を対等に話し合いましょう。	新しい方法を前例がないだけで退けないでください。利益以外の影響も含めて比較しましょう。	守っている方針の目的を一つ確認してください。今の条件に合うか見直しましょう。	自分に権限がない領域へ命令しないでください。役割と責任の境界を尊重しましょう。
77	mn	reversed	Ашиг, тогтвортойд зууралдах нь өөрчлөлт, бусдыг бодоход саад болсон эсэхийг асууна. Туршлага, нөөцтэй хүн хяналт бус тайлбар, зөвшилцөл хэрэгтэй.	Амьжиргаа залгуулдгаараа хүнийг бүү захир. Хүслээ эрх тэгш ярь.	Шинэ аргыг өмнөх жишээгүйгээр нь бүү няцаа. Ашгаас гаднах нөлөөг ч харьцуул.	Хадгалж буй нэг чиглэлийн зорилгыг шалга. Одоогийн нөхцөлд нийцэх эсэхийг хар.	Эрхгүй хүрээнд тушаал бүү өг. Үүрэг, хариуцлагын хилийг хүндэтгэ.
