50	ja	upright	混乱した状況を整理し、事実と筋道から突破口を見つけるカードです。考える対象を明確にすると、必要な情報と次の行動が見えてきます。	曖昧な期待を言葉にして確認してください。率直な会話は、誤解を減らすきっかけになります。	問題を分解して原因を探る読みです。仮説と事実を分け、検証できる順に調べましょう。	今解きたい問いを一文で書いてください。答えに必要な情報を三つ以内に絞りましょう。	正しい内容でも伝え方は大切です。理解させることと、言い負かすことを区別してください。
50	mn	upright	Будлианыг цэгцэлж баримт, логикоор гарц олохыг өгүүлнэ. Юуг бодохоо тодруулбал хэрэгтэй мэдээлэл, дараагийн үйлдэл харагдана.	Бүдэг хүлээлтээ үгээр лавла. Шулуун яриа үл ойлголцлыг багасгаж болно.	Асуудлыг задлан учрыг хайх үе. Таамаг, баримтаа ялгаж шалгаж болох дарааллаар судал.	Шийдэх асуултаа нэг өгүүлбэрээр бич. Хэрэгтэй мэдээллийг гурваас хэтрүүлэхгүй сонго.	Зөв агуулгад ч хэлэх арга чухал. Ойлгуулах, үгээр ялахыг ялга.
50	ja	reversed	論理を相手の操作に使ったり、早い判断をよい判断と混同したりしていないか問います。結論の鮮やかさより、その根拠と影響を見直しましょう。	相手の言葉尻を捉えるより、伝えたい意味を聞いてください。正論だけでは気持ちの問題は解けません。	都合のよい数字や説明だけを使っていませんか。判断に不利な情報も含めて確認しましょう。	結論を一度保留し、別の説明が成り立つか考えてください。見落とした前提を一つ探しましょう。	知識で人を混乱させることを優位と考えないでください。分かりやすい説明を選びましょう。
50	mn	reversed	Логикийг хүнийг удирдахад ашиглах, хурдан дүгнэлтийг сайнтай андуурсан эсэхийг асууна. Гялалзсан хариунаас илүү үндэслэл, нөлөөг шалга.	Үгийн өө хайхаас илүү хэлэх утгыг нь асуу. Зөв логик дангаараа сэтгэлийн асуудлыг шийдэхгүй.	Зөвхөн ашигтай тоо, тайлбар хэрэглэсэн үү. Эсрэг мэдээллийг ч шалга.	Дүгнэлтээ түр үлдээгээд өөр тайлбар боломжтой эсэхийг бод. Алдсан нэг суурь таамгийг ол.	Мэдлэгээр будлиулахыг давуу тал бүү гэж үз. Ойлгомжтой тайлбар сонго.
51	ja	upright	情報がそろうまで判断を保留し、両側の言い分を検討するカードです。決めない時間にも、集める情報と期限があれば意味があります。	すぐに結論を迫らず、互いの考えを聞きましょう。話し合いを再開する時期は決めてください。	複数の案を公平に比較する読みです。感情的な対立を避け、判断基準を共有しましょう。	まだ分からない点を二つ挙げてください。それを誰に確認するか決めましょう。	保留を無期限にしないでください。情報が十分になったら、責任を持って選びましょう。
51	mn	upright	Мэдээлэл бүрдэх хүртэл шийдвэрээ түр хойшлуулж хоёр талыг судлахыг өгүүлнэ. Цуглуулах мэдээлэл, хугацаатай бол шийдээгүй цаг ч утгатай.	Шууд хариу шаардахгүй бие биеийн бодлыг сонс. Яриаг үргэлжлүүлэх хугацааг тогтоо.	Олон хувилбарыг шударга харьцуулах үе. Сэтгэлийн тэмцлээс зайлан шалгуураа хуваалц.	Мэдэхгүй хоёр зүйлээ нэрлэ. Хэнээс лавлахаа шийд.	Түр хүлээлтийг хугацаагүй бүү болго. Мэдээлэл хүрэлцвэл хариуцлагатай сонго.
51	ja	reversed	結論の結果が怖くて、必要以上に判断を先延ばしにしていないか問います。反する情報を避けることと、慎重に考えることは別です。	本音を隠した曖昧な返事を続けないでください。迷っている理由と考える期限を伝えましょう。	細部の議論で決定を避けていないか確認してください。重要な条件を絞って決めましょう。	決めた場合に引き受けることを書いてください。不安への対策を用意して選びましょう。	自分が迷っているからと、相手に必要な情報を隠さないでください。判断材料を共有しましょう。
51	mn	reversed	Үр дагавраас айж шийдвэрээ хэт сунгасан эсэхийг асууна. Эсрэг мэдээллээс зайлсхийх нь болгоомжтой бодохтой адилгүй.	Үнэнээ нуусан бүдэг хариуг бүү үргэлжлүүл. Эргэлзэх учир, бодох хугацаагаа хэл.	Жижиг маргаанаар шийдвэрээс бултсан эсэхийг шалга. Чухал нөхцөлөө цөөлж шийд.	Шийдвэл юуг хүлээхээ бич. Айдсын арга хэмжээг бэлдээд сонго.	Өөрөө эргэлзлээ гээд хүнд хэрэгтэй мэдээллийг бүү нуу. Шийдэх материалыг хуваалц.
52	ja	upright	つらい事実から目をそらさず、期待と現実の違いを認めるカードです。痛みがあることと、自分に価値がないことは別です。理解したことを次の選択へ生かしましょう。	傷ついた出来事を曖昧にせず話してください。相手の意図は決めつけず、自分への影響を伝えましょう。	厳しい評価にも使える情報があるか検討する読みです。成果物への指摘と自己価値を切り離してください。	起きたことと自分の解釈を分けて書きましょう。必要な支えを一つ選んでください。	痛みを成長のためと美化する必要はありません。つらい扱いから距離を取ることもできます。
52	mn	upright	Өвдөлттэй баримтаас нүүр буруулахгүй хүлээлт, бодитын ялгааг зөвшөөрөхийг өгүүлнэ. Өвдсөн нь үнэ цэнгүй гэсэн үг биш. Ойлгосноо дараагийн сонголтод ашигла.	Шархлуулсан явдлыг тодорхой ярь. Санааг нь бүү таа, өөрт үзүүлсэн нөлөөг хэл.	Хатуу үнэлгээнээс хэрэгтэй мэдээлэл хайх үе. Ажлын шүүмж, өөрийн үнэ цэнийг салга.	Болсон явдал, тайлбараа тусад нь бич. Хэрэгтэй нэг түшгээ сонго.	Өвдөлтийг өсөлт гэж гоёчлох албагүй. Хэцүү харьцаанаас холдож болно.
52	ja	reversed	人の言葉や失敗を、自分全体への否定として受け取っていないか問います。厳しすぎる基準を緩めることが、傷ついた心を扱う入口になります。	過去の一言を繰り返し読み返していませんか。今の状況を確かめ、必要なら距離を取ってください。	完璧でなければ無価値という評価を見直しましょう。改善箇所を限定して取り組んでください。	友人ならかける言葉を自分にも書いてください。責める表現を具体的な改善案に変えましょう。	つらさを抱えたまま無理に許す必要はありません。回復と和解は別々に選べます。
52	mn	reversed	Хүний үг, алдааг өөрийгөө бүхэлд нь няцаасан мэт авсан эсэхийг асууна. Хэт хатуу шалгуурыг зөөллөх нь шархаа арчлах эхлэл.	Өнгөрсөн нэг үгийг давтан уншиж байна уу. Одоог шалгаж, хэрэгтэй бол зай ав.	Төгс биш бол үнэ цэнгүй гэх үнэлгээг шалга. Засах хэсгээ хязгаарлан ажилла.	Найздаа хэлэх үгийг өөртөө бич. Буруутгалыг тодорхой сайжруулах санал болго.	Өвдсөн хэвээр хүчээр уучлах албагүй. Эдгэрэх, эвлэрэхийг тусад нь сонгож болно.
53	ja	upright	行動の前に休み、考えを整理するカードです。相手や状況を理解する時間を取ることで、不要な批判や早合点を減らせます。	話し合いが熱くなったら、再開時刻を決めて休みましょう。落ち着いて聞ける状態を整えてください。	実行前の計画確認や休息に向く読みです。頭を切り替え、前提をもう一度点検しましょう。	通知や作業から離れる短い時間を設けてください。戻ったら最優先の一件だけを選びましょう。	休息を怠けと考えないでください。判断の質を戻すための時間でもあります。
53	mn	upright	Үйлдэхээс өмнө амарч бодлоо цэгцлэхийг өгүүлнэ. Хүн, нөхцөлийг ойлгох цаг нь хэрэггүй шүүмж, яаруу дүгнэлтийг багасгана.	Яриа халвал дахин эхлэх цагтай завсарла. Тайван сонсох байдлаа бэлд.	Хэрэгжүүлэхийн өмнөх шалгалт, амралтын үе. Бодлоо сэргээж суурь нөхцөлөө дахин хар.	Мэдэгдэл, ажлаас богино хугацаанд холд. Буцаад ганц чухал ажлаа сонго.	Амралтыг залхуурал бүү гэж үз. Шийдвэрийн чанарыг сэргээх цаг юм.
53	ja	reversed	考える時間が先延ばしになったり、すでに決めた見方を変えられなくなったりしていないか問います。休んだ後は新しい情報を入れ、判断を更新しましょう。	一度ついた印象だけで相手を見続けないでください。今の話を聞く機会を設けましょう。	検討を続けても進まないなら、試す期限を決めてください。反証がある部分は計画を修正しましょう。	再開する日時と最初の作業を決めてください。小さく実行して、考えを確かめましょう。	疲れたまま考え続けても整理できない場合があります。追加の検討より本当の休息が必要か確認してください。
53	mn	reversed	Бодох цаг хойшлуулалт болох, тогтсон үзлээ өөрчилж чадахгүйг асууна. Амарсны дараа шинэ мэдээлэл авч дүгнэлтээ шинэчил.	Нэг удаагийн сэтгэгдлээр хүнийг үргэлж бүү хар. Одоогийн яриаг сонсох боломж гарга.	Бодсоор ахихгүй бол турших хугацаа тогтоо. Эсрэг баримттай хэсгээ зас.	Дахин эхлэх цаг, эхний ажлаа товло. Багахан хийж бодлоо шалга.	Ядарсан чигээр бодсоор цэгцрэхгүй байж болно. Нэмж бодохоос илүү жинхэнэ амралт хэрэгтэй эсэхийг шалга.
54	ja	upright	不一致があっても、自分の利益や倫理を守る立場を取るカードです。原典の建設的な側面を踏まえ、必要な異議を述べる読みを採用しています。	関係を保つために納得できないことへ同意しないでください。希望と限界を明確に話しましょう。	不適切な方針に異議を伝える場面として読めます。根拠を整え、適切な相談経路を使ってください。	譲れない原則を一つ書いてください。それを守る現実的な対応を選びましょう。	自己防衛と相手への攻撃を混同しないでください。目的に必要な言葉に絞りましょう。
54	mn	upright	Зөрүү байсан ч өөрийн ашиг, ёс зүйг хамгаалах байр суурь авахыг өгүүлнэ. Эх сурвалжийн бүтээлч талаас хэрэгтэй эсэргүүцлээ хэлэх уншлага сонгосон.	Холбоогоо хадгалах гэж зөвшөөрөхгүй зүйлдээ бүү зөвшөөр. Хүсэл, хязгаараа тодорхой хэл.	Зохисгүй чиглэлд өөр санал хэлэх үе. Үндэслэлээ бэлдэж зөв зөвлөлдөх сувгийг ашигла.	Бууж өгөхгүй нэг зарчмаа бич. Хамгаалах бодит хариугаа сонго.	Өөрийгөө хамгаалах, дайрахыг бүү андуур. Зорилгод хэрэгтэй үгээр хязгаарла.
54	ja	reversed	勝つことや自分の利益のために、約束や他者への配慮を捨てていないか問います。相手を負かしても、信頼の損失が残ることがあります。	挑発や侮辱で会話を支配しないでください。いったん中断して、伝えたい要望を整理しましょう。	成果を得る手段が合意した規則に反していないか確認してください。影響を受ける人の負担も見ましょう。	争いを続ける代償を書き出してください。必要なら謝罪や条件の再相談を選びましょう。	自分を守る必要まで否定しないでください。境界線は保ちながら、方法を変えられます。
54	mn	reversed	Ялах, ашиг олохын төлөө амлалт, бусдыг бодохоо орхисон эсэхийг асууна. Ялсан ч итгэлийн гарз үлдэж болно.	Өдөөлт, доромжлолоор яриаг бүү захир. Түр зогсоож хүсэлтээ цэгцэл.	Үр дүн авах арга тохирсон дүрэм зөрчсөн эсэхийг шалга. Нөлөөлөгдсөн хүний ачааг ч хар.	Маргааныг үргэлжлүүлэх өртгийг бич. Хэрэгтэй бол уучлал, нөхцөлөө дахин ярь.	Өөрийгөө хамгаалах хэрэгцээг бүү няцаа. Хилээ хадгалж аргаа өөрчилж болно.
55	ja	upright	望ましくない状況を受け止め、次の環境へ少しずつ移るカードです。期待を調整し、新しい見方を学ぶことで前進の余地が生まれます。	争いの後は、すぐ親密さを戻すより落ち着く条件を整えましょう。必要な距離と連絡方法を相談してください。	状況の変化に合わせて働き方を調整する読みです。学習や引き継ぎで移行を支えましょう。	今の条件でできる最善を一つ選んでください。以前の理想ではなく、現在地から計画を立てましょう。	移行中の不安を失敗と決めつけないでください。慣れるための時間を残しましょう。
55	mn	upright	Таагүй нөхцөлийг зөвшөөрч дараагийн орчинд аажим шилжихийг өгүүлнэ. Хүлээлтээ тохируулж шинэ өнцөг сурвал ахих зай гарна.	Маргааны дараа шууд ойртохоос илүү тайван нөхцөл бүрдүүл. Зай, холбооны аргаа тохир.	Өөрчлөлтөд тааруулан ажиллах аргаа шинэчлэх үе. Суралцах, шилжүүлгээр дэмж.	Одоогийн нөхцөлд хамгийн сайн нэг үйлдэл сонго. Өмнөх идеал бус одооноос төлөвлө.	Шилжилтийн түгшүүрийг бүтэлгүй гэж бүү шийд. Дасах цаг үлдээ.
55	ja	reversed	変わった状況を受け入れず、以前の基準だけで考えていないか問います。自分の反応や行動が与える影響を認めると、選択肢を取り戻せます。	昔の約束が今も同じ条件で成り立つか確認してください。互いの生活の変化を聞き直しましょう。	条件が変わった仕事に、古い期待を当てはめないでください。目標と必要な支援を更新しましょう。	以前と変わったことを三つ挙げてください。その一つに対応する行動を変えましょう。	苦しい状況をすべて自分の責任にする必要はありません。影響できる部分とできない部分を分けてください。
55	mn	reversed	Өөрчлөгдсөн нөхцөлийг зөвшөөрөлгүй хуучин шалгуураар бодсон эсэхийг асууна. Өөрийн үйлдлийн нөлөөг танивал сонголтоо сэргээж болно.	Хуучин амлалт одоо ижил нөхцөлтэй эсэхийг шалга. Амьдралын өөрчлөлтийг дахин сонс.	Өөрчлөгдсөн ажилд хуучин хүлээлт бүү тавь. Зорилго, дэмжлэгээ шинэчил.	Өмнөхөөс өөр гурван зүйл нэрлэ. Нэгд нь тохирсон үйлдлээ өөрчил.	Хүнд байдлын бүх хариуцлагыг авах хэрэггүй. Нөлөөлөх, нөлөөлөхгүй хэсгээ ялга.
56	ja	upright	見られていない場面でも、自分の倫理を守って巧みに対応するカードです。原典では誠実さも重視されるため、単に欺きのカードとは扱いません。	気まずさを避けるための嘘より、配慮ある率直さを選びましょう。言わない自由と偽ることを区別してください。	前提の抜けや曖昧な合意を見つける読みです。必要な確認を静かに行い、記録を残しましょう。	誰も見ていなくても納得できる方法か確認してください。疑問のある手順を一つ修正しましょう。	機転を不正の言い訳にしないでください。守秘と隠蔽は目的が違います。
56	mn	upright	Хэн ч хараагүй үед ёс зүйгээ хадгалан эвтэй хандахыг өгүүлнэ. Эх сурвалж үнэнч байдлыг ч онцолдог тул зөвхөн хууралтын хөзөр гэж үзэхгүй.	Эвгүйгээс зайлсан худлаас илүү зөөлөн үнэн сонго. Хэлэхгүй эрх, хуурахыг ялга.	Суурь таамгийн цоорхой, бүдэг тохиролцоог олох үе. Тайван шалгаж бүртгэл үлдээ.	Хэн ч хараагүй ч зөвшөөрөх арга мөн эсэхийг шалга. Эргэлзээтэй нэг алхмаа зас.	Овсгоог буруу үйлдлийн шалтаг бүү болго. Нууц хадгалах, далдлахын зорилго өөр.
56	ja	reversed	ばれないならよいという考えや、他人を理由にした正当化を問いかけます。自分の動機を点検し、事実を誠実に扱うことが信頼の修復につながります。	隠したことがあるなら、影響と説明の仕方を考えてください。相手を責めて話題をそらさないようにしましょう。	報告の抜けや責任回避を点検する読みです。誤りを訂正し、再発しにくい手順を整えましょう。	自分に都合よく省いた事実を一つ確認してください。必要な相手へ正確に伝えましょう。	このカードだけで相手の嘘を断定しないでください。疑いは確認可能な事実で扱いましょう。
56	mn	reversed	Баригдахгүй бол болно гэх бодол, бусдаар шалтагласан зөвтгөлийг асууна. Сэдлээ шалгаж баримтад үнэнч хандах нь итгэлийг засна.	Нуусан зүйл байвал нөлөө, тайлбарлах аргаа бод. Буруутгаж сэдэв бүү өөрчил.	Тайлангийн орхигдол, хариуцлагаас булталтыг шалга. Алдаагаа засаж давтагдахгүй арга гарга.	Өөрт ашигтайгаар орхисон нэг баримтаа шалга. Хэрэгтэй хүнд нь үнэн зөв хэл.	Энэ хөзрөөр хүний худлыг бүү тогтоо. Сэжгийг шалгах баримтаар авч үз.
57	ja	upright	現実の制限を認め、助けを求めながら選択肢を探すカードです。すべてを制御できないと知ることは、動ける範囲を見つける出発点になります。	自分だけで変えられないことを認めてください。希望を伝えた後は、相手の選択も尊重しましょう。	規則や資源の制約を整理する読みです。変更できる条件について担当者へ相談してください。	障害を事実と想定に分けて書きましょう。助けがあれば動かせる一つを選んでください。	制限を無視するだけが自由ではありません。守るべき条件の中にも選択肢があります。
57	mn	upright	Бодит хязгаарыг зөвшөөрч тусламжтайгаар сонголт хайхыг өгүүлнэ. Бүхнийг хянахгүйг мэдэх нь хөдөлж болох хүрээг олох эхлэл.	Ганцаар өөрчилж чадахгүйг зөвшөөр. Хүслээ хэлсний дараа нөгөө хүний сонголтыг хүндэтгэ.	Дүрэм, нөөцийн хязгаарыг цэгцлэх үе. Өөрчилж болох нөхцөлийг хариуцагчтай ярь.	Саадыг баримт, таамаг гэж ялга. Тусламжтай хөдөлгөх нэгийг сонго.	Хязгаарыг үл тоох нь цорын ганц эрх чөлөө биш. Хадгалах нөхцөл дотор ч сонголт бий.
57	ja	reversed	身動きできない感覚が強まり、出口を探す力を失っていないか問います。実際の障害を軽く扱わず、まず安全に選べる小さな行動を見つけましょう。	相手の許可がないと何もできない感覚があるなら、関係の境界線を見直してください。信頼できる第三者への相談も選べます。	複雑な規則を一人で解こうとしないでください。具体的な例を持って担当者に確認しましょう。	今日自分で決められる小さなことを一つ選んでください。選べた経験を記録しましょう。	苦境を考え方だけの問題にしないでください。外部の制約には外部の支援が必要な場合があります。
57	mn	reversed	Гарцгүй мэдрэмж хүчтэй болж гарц хайх тэнхээ алдсан эсэхийг асууна. Бодит саадыг хөнгөн үзэлгүй аюулгүй жижиг үйлдлээ эхэлж ол.	Зөвшөөрөлгүй юу ч хийж чадахгүй мэт бол хилээ шалга. Итгэлтэй гуравдагч хүнтэй зөвлөлдөж болно.	Төвөгтэй дүрмийг ганцаар тайлах гэж бүү оролд. Тодорхой жишээгээр хариуцагчаас асуу.	Өнөөдөр өөрөө шийдэх жижиг нэг зүйл сонго. Сонгож чадсанаа тэмдэглэ.	Бэрхшээлийг зөвхөн бодлын асуудал бүү болго. Гаднын хязгаарт гаднын тусламж хэрэгтэй байж болно.
58	ja	upright	不安を事実と分け、自分を穏やかに評価するカードです。原典の建設的な側面から、制御できない心配を抱え込みすぎない読みを採用しています。	悪い展開を繰り返し想像する前に、今分かることを確認してください。不安は責め言葉でなく自分の感情として伝えましょう。	過去のミスを点検したら、改善策を決めて区切りましょう。同じ確認を際限なく繰り返さない工夫が役立ちます。	心配を一つ書き、対処できる部分だけを選んでください。残りから離れる休息を取りましょう。	不安をなくせないことを失敗にしないでください。つらさが続くなら支援を求めても構いません。
58	mn	upright	Түгшүүрийг баримтаас ялгаж өөрийгөө зөөлөн үнэлэхийг өгүүлнэ. Эх сурвалжийн бүтээлч талаас хянахгүй санаа зовнилыг хэт үүрэхгүй уншлага сонгосон.	Муу өрнөлийг давтан төсөөлөхөөс өмнө мэдэж болохыг шалга. Айдсаа буруутгал бус өөрийн мэдрэмжээр хэл.	Алдаагаа шалгаад засах аргаа тогтоож цэг тавь. Ижил шалгалтыг хязгааргүй давтахгүй арга тусална.	Нэг зовнилоо бичиж зохицуулах хэсгийг сонго. Үлдсэнээс түр холдон амар.	Айдсаа арилгаж чадаагүйг бүтэлгүй бүү болго. Хэцүү байдал үргэлжилбэл дэмжлэг хүсэж болно.
58	ja	reversed	後悔や自己批判を繰り返し、今の生活を楽しむ余地が減っていないか問います。取り消せない決定を考え続けるより、現在の自分を支える行動が必要です。	不安を確かめるために連絡を繰り返していませんか。気持ちを整理し、無理のない連絡方法を相談しましょう。	細部のミスを自分全体の失敗に広げないでください。修正を一つずつ終えて記録しましょう。	頭の中の責め言葉を書き、具体的な事実へ言い換えてください。今日は休む時間も確保しましょう。	カードで精神状態の診断はできません。生活に支障が続くつらさは、一人で抱えなくて大丈夫です。
58	mn	reversed	Харамсал, өөрийгөө шүүмжлэх давталт өнөөдрийн баярлах зайг багасгасан эсэхийг асууна. Буцаахгүй шийдвэрийг бодсоор бус одоогийн өөрийг дэмжих үйлдэл хэрэгтэй.	Айдсаа шалгах гэж дахин дахин холбогдож байна уу. Сэтгэлээ цэгцэлж дарамтгүй холбооны аргаа тохир.	Жижиг алдааг бүхэл бүтэлгүйтэл бүү болго. Нэг нэгээр засаж тэмдэглэ.	Толгой дахь буруутгалыг бичээд бодит баримтаар соль. Өнөөдөр амрах цаг ч хамгаал.	Хөзөр сэтгэлийн байдлыг оношлохгүй. Амьдралд саад болсон зовлонг ганцаар үүрэх шаардлагагүй.
59	ja	upright	限界に達したことを認め、休息と再出発へ切り替えるカードです。終わりを認めることで、これ以上消耗を重ねない選択ができます。	続けるために無理を重ねていないか確認してください。関係の結論より先に、自分が落ち着く時間を取りましょう。	立て直しのために中止や縮小が必要な場面です。残すものと終了するものを整理してください。	今やめるべき負担を一つ選んでください。次の計画より、まず回復の条件を整えましょう。	最悪の事態が必ず起こるという意味ではありません。限界への気づきとして扱ってください。
59	mn	upright	Хязгаартаа хүрснээ зөвшөөрч амралт, шинэ эхлэлд шилжихийг өгүүлнэ. Төгсгөлийг танивал цааш туйлдуулахгүй сонголт хийж болно.	Үргэлжлүүлэх гэж хэт ачаалсан эсэхээ шалга. Харилцааг шийдэхээс өмнө тайвшрах цаг ав.	Сэргээхийн тулд зогсоох, багасгах хэрэгтэй үе. Хадгалах, дуусгах зүйлээ ялга.	Одоо зогсоох нэг ачааг сонго. Дараагийн төлөвлөгөөнөөс өмнө сэргэлтийн нөхцөл бүрдүүл.	Хамгийн муу явдал заавал болно гэсэн үг биш. Хязгаараа таних дохио гэж үз.
59	ja	reversed	まだ選択肢があるのに諦めたり、逆に限界を認めず考え続けたりしていないか問います。疲れた状態の結論を固定せず、休息と現実の確認を挟みましょう。	一度のつらい出来事で全体を断定しないでください。ただし、傷つく状況を続ける必要もありません。	継続か終了かを、負担と実現性から判断しましょう。信頼できる人に現状を共有してください。	今すぐ決めなくてよいことを保留にしてください。休んだ後、残る選択肢を一つ確認しましょう。	無理な前向きさを自分に強制しないでください。助けを借りることを次の行動にしても構いません。
59	mn	reversed	Сонголт байхад бууж өгөх эсвэл хязгаараа зөвшөөрөхгүй бодсоор байгаа эсэхийг асууна. Ядарсан дүгнэлтээ тогтоохгүй, амралт ба шалгалт оруул.	Нэг хэцүү явдлаар бүхнийг бүү дүгнэ. Гэхдээ шархлуулсан нөхцөлийг үргэлжлүүлэх албагүй.	Ачаа, хэрэгжих боломжоор үргэлжлэх эсэхээ шийд. Итгэлтэй хүнд одоогийн байдлаа хуваалц.	Одоо шийдэхгүй байж болохыг түр үлдээ. Амраад нэг үлдсэн сонголтоо шалга.	Хүчээр өөдрөг байхыг өөртөө бүү тулга. Тусламж авахыг дараагийн үйлдэл болгож болно.
60	ja	upright	よい質問を立て、調査と練習で理解を育てるカードです。知らないことを認める姿勢が、新しい知識への入口になります。	相手を分析しきろうとするより、直接質問してください。違う考えを知ることを楽しみましょう。	学習や調査を始める読みです。知るべき項目を整理し、信頼できる資料や指導者を選びましょう。	今日知りたい問いを一つ決めて調べてください。分かったことと未解決の点を分けましょう。	情報を集めるだけで理解したと思わないでください。自分の言葉で説明して確かめましょう。
60	mn	upright	Сайн асуулт тавьж судалгаа, дадлагаар ойлголтоо өсгөхийг өгүүлнэ. Мэдэхгүйгээ зөвшөөрөх нь шинэ мэдлэгийн үүд.	Хүнийг бүрэн шинжлэхээс илүү шууд асуу. Өөр бодлыг мэдэхийг таашаа.	Суралцах, судлах эхлэл. Мэдэх зүйлээ цэгцэлж итгэлтэй материал, багш сонго.	Өнөөдрийн нэг асуултаа судал. Мэдсэн, шийдээгүйг ялга.	Мэдээлэл цуглуулснаа ойлгосонтой бүү андуур. Өөрийн үгээр тайлбарлан шалга.
60	ja	reversed	知ったふりや、結論に合う情報だけを選ぶ姿勢を問いかけます。経験者の助言を聞き、知識の穴を認めることから学び直せます。	推測だけで相手を分類しないでください。知らない点を率直に尋ねましょう。	表面的な理解で判断を進めていませんか。資料の根拠を確かめ、必要な練習をしてください。	説明できない用語や手順を一つ選んで学び直しましょう。実例で使えるか確かめてください。	自分をよく見せるために事実を曲げないでください。未経験と伝えるほうが適切な助けを得られます。
60	mn	reversed	Мэдсэн дүр үзүүлэх, зөвхөн дүгнэлтэд таарах мэдээлэл сонгохыг асууна. Туршлагатай хүнийг сонсож мэдлэгийн цоорхойгоо танивал дахин сурна.	Таамгаар хүнийг ангилахгүй бай. Мэдэхгүйгээ шулуун асуу.	Өнгөц ойлголтоор шийдэж байна уу. Эхийн үндэслэлийг шалгаж хэрэгтэй дадлага хий.	Тайлбарлахгүй нэг үг, аргыг дахин сур. Бодит жишээнд хэрэглэж шалга.	Сайхан харагдах гэж баримтыг бүү гуйвуул. Туршлагагүйгээ хэлбэл зөв тусламж авна.
61	ja	upright	問題の核心を見抜き、考えを明確に伝えるカードです。鋭さを人への攻撃ではなく、理解と改善のために使いましょう。	曖昧な不満を具体的な要望に変えてください。相手の返答を聞く余地も残しましょう。	課題を特定し、必要な方向を示す読みです。根拠と改善案を一緒に伝えてください。	言いたいことを短く整理しましょう。事実、影響、希望の順に話してください。	率直さは配慮を省く理由ではありません。伝える時期や場所も選びましょう。
61	mn	upright	Асуудлын голыг олж бодлоо тодорхой хэлэхийг өгүүлнэ. Хурц ухаанаа дайралт бус ойлголт, сайжруулалтад ашигла.	Бүдэг гомдлоо тодорхой хүсэлт болго. Хариуг сонсох зай үлдээ.	Бэрхшээлийг нэрлэж чиглэл үзүүлэх үе. Үндэслэл, засах саналыг хамт хэл.	Хэлэх зүйлээ товч цэгцэл. Баримт, нөлөө, хүсэлтийн дарааллаар ярь.	Шулуун зан халамжийг хасах шалтгаан биш. Цаг, газраа ч сонго.
61	ja	reversed	意見を事実として押しつけたり、言葉の鋭さで相手を傷つけたりしていないか問います。正しさを主張する前に、証拠と伝え方を点検しましょう。	怒りのまま連絡を送らないでください。落ち着いてから、必要な要望だけを伝えましょう。	犯人探しより問題の仕組みを調べてください。反対の情報も検討に含めましょう。	送る前の文章から侮辱や決めつけを外してください。確認したい質問に置き換えましょう。	議論の勝利を問題解決と混同しないでください。相手が理解できたか確かめましょう。
61	mn	reversed	Саналаа баримт мэт тулгах, хурц үгээр шархлуулсан эсэхийг асууна. Зөвөө хамгаалахаас өмнө нотолгоо, хэлэх аргаа шалга.	Ууртай чигээр зурвас бүү илгээ. Тайвшраад хэрэгтэй хүсэлтээ л хэл.	Буруутан хайхаас илүү тогтолцоог судал. Эсрэг мэдээллийг ч оруул.	Илгээх бичвэрээс доромжлол, хатуу таамгийг хас. Лавлах асуулт болго.	Маргаанд ялахыг шийдэлтэй бүү андуур. Ойлгосон эсэхийг нь шалга.
62	ja	upright	適切な言葉を選び、緊張を和らげながら本質を伝えるカードです。明晰さと気遣いを両立させることで、人が力を出しやすくなります。	必要な境界線を穏やかに示してください。相手を否定せず、自分の希望を明確にできます。	難しい内容を分かりやすく伝える読みです。受け手に合わせて例や順序を工夫しましょう。	伝えにくいことを短い文章にしてください。尊重が伝わる表現へ整えてから話しましょう。	気遣いで要点をぼかしすぎないでください。相手が何をすればよいか分かる言葉にしましょう。
62	mn	upright	Зөв үг сонгож хурцадмал байдлыг намдаан голыг хэлэхийг өгүүлнэ. Тодорхой байдал, халамжийг хослуулбал хүмүүс чадвараа гаргана.	Хэрэгтэй хилээ тайван хэл. Хүнийг няцаахгүй өөрийн хүслээ тодруулж болно.	Хэцүү агуулгыг ойлгомжтой дамжуулах үе. Сонсогчид тааруулан жишээ, дарааллаа сонго.	Хэлэхэд хэцүүг товч бич. Хүндлэлтэй үгээр зассаны дараа ярь.	Халамжаар гол санааг хэт бүү бүдгэрүүл. Юу хийхийг ойлгох үг сонго.
62	ja	reversed	相手の弱点を知る力が、皮肉や傷つける言葉に変わっていないか問います。知性や表現力を、関係を壊すために使わない選択が必要です。	相手の秘密や不安を口論の材料にしないでください。現在の問題だけを話しましょう。	重要な情報を伏せて優位に立とうとしていませんか。仕事に必要な内容を公平に共有してください。	最近の厳しい一言を振り返りましょう。必要なら謝罪し、具体的な要望へ言い換えてください。	冗談のつもりでも影響は残ります。相手の反応を軽く扱わないでください。
62	mn	reversed	Эмзэг талыг мэдэх чадвар ёжлол, шархлуулах үг болсон эсэхийг асууна. Оюун, хэлний чадвараа холбоо эвдэхэд ашиглахгүй сонголт хэрэгтэй.	Нууц, айдсыг нь маргааны зэвсэг бүү болго. Одоогийн асуудлыг л ярь.	Мэдээлэл нууж давуу болохыг оролдсон уу. Ажилд хэрэгтэйг шударга хуваалц.	Саяхны хатуу үгээ эргэн хар. Хэрэгтэй бол уучлал гуйж тодорхой хүсэлтээр соль.	Тоглоом гэж бодсон ч нөлөө үлдэнэ. Хариуг нь хөнгөн бүү үз.
63	ja	upright	十分な情報と助言を使い、責任ある結論を出すカードです。明確な決定は、周囲が安心して次の行動へ移る助けになります。	曖昧な約束を整理し、納得できる合意をつくってください。決めた理由も説明しましょう。	専門家の知見を借りて判断を固める読みです。条件と責任者を明文化してください。	検討した情報をまとめ、決定の理由を一文にしましょう。見直す条件も残してください。	権威ある判断でも更新は必要です。新しい事実を受け入れる余地を持ちましょう。
63	mn	upright	Хангалттай мэдээлэл, зөвлөгөөгөөр хариуцлагатай дүгнэхийг өгүүлнэ. Тодорхой шийдвэр бусдыг дараагийн үйлдэлд тайван оруулна.	Бүдэг амлалтаа цэгцэлж зөвшөөрөх тохиролцоо байгуул. Шийдсэн учраа тайлбарла.	Мэргэжлийн мэдлэг авч шийдвэрээ бататгах үе. Нөхцөл, хариуцагчийг бичгээр тодруул.	Мэдээллээ нэгтгэж шийдвэрийн учрыг нэг өгүүлбэр болго. Дахин харах нөхцөлийг үлдээ.	Эрх мэдэлтэй шийдвэр ч шинэчлэгдэнэ. Шинэ баримт авах зайтай бай.
63	ja	reversed	最後の言葉を自分が持つことや、知的な優位にこだわっていないか問います。難しい説明や頻繁な方針変更は、周囲を混乱させます。	話を終えるために相手を言い負かさないでください。互いが理解した点を確認しましょう。	決定を変えるなら、理由と影響を明確に伝えてください。知識を誇るより使える指示を出しましょう。	今の結論を誰にでも分かる言葉へ書き直してください。決めきれない部分は必要な情報を示しましょう。	後悔する言葉を勢いで断言しないでください。発言前に目的を確認しましょう。
63	mn	reversed	Эцсийн үг, оюуны давуу талд зууралдсан эсэхийг асууна. Хүнд тайлбар, байнга солих чиглэл бусдыг будлиулна.	Яриаг дуусгах гэж үгээр бүү ял. Хоёул ойлгосон хэсгээ шалга.	Шийдвэр өөрчилбөл учир, нөлөөг тодорхой хэл. Мэдлэгээр гайхуулах бус хэрэглэх заавар өг.	Дүгнэлтээ хүн бүр ойлгох үгээр дахин бич. Шийдээгүй хэсэгт хэрэгтэй мэдээллээ нэрлэ.	Харамсах үгээ эрчээр бүү батлан хэл. Ярихаасаа өмнө зорилгоо шалга.
