22	ja	upright	新しい目標やひらめきに、行動の火がともるカードです。漠然とした熱意を具体的な形にすると、自分が本当に望むことが見えてきます。	気になる相手へ自然な誘いを伝える読みです。相手が選べる余地を残し、反応を楽しみましょう。	企画の着想を試作品へ進めてください。小さく動かすと、必要な資源が分かります。	ひらめきを一つ書き、最初の作業を決めましょう。今日中に短時間だけ試してください。	意欲の強さだけで実現性は決まりません。時間と協力者の有無も確かめましょう。
22	mn	upright	Шинэ зорилго, санаанд үйлдлийн гал асахыг өгүүлнэ. Бүдэг урам зоригоо бодит хэлбэрт оруулбал үнэхээр хүссэн зүйл тодорно.	Сонирхсон хүндээ энгийн урилга өг. Сонгох зай үлдээж, хариуг нь хүлээ.	Санаагаа туршилтын бүтээл болго. Багахан ажиллуулбал хэрэгтэй нөөц тодорно.	Нэг санаагаа бичиж эхний ажлаа тогтоо. Өнөөдөр богино хугацаанд турш.	Хүсэл хүчтэй байх нь хэрэгжих баталгаа биш. Цаг, туслах хүн байгаа эсэхийг шалга.
22	ja	reversed	ひらめきがあっても、目標や準備が曖昧で動けない状態を問いかけます。意欲不足と決めつけず、何が足りないかを具体化しましょう。	ときめきだけで約束を増やさないでください。続けられる関わり方を確かめましょう。	資源のない計画に気合だけを注いでいませんか。範囲を縮め、実行できる条件をそろえてください。	着手を止めている理由を一つ特定しましょう。その障害だけを解消する作業を選んでください。	始められないことを怠けと断定しないでください。目標そのものが自分に合うかも見直しましょう。
22	mn	reversed	Санаа байсан ч зорилго, бэлтгэл бүдэг тул хөдөлж чадахгүй байдлыг асууна. Идэвхгүй гэж дүгнэлгүй юу дутсаныг тодруул.	Зөвхөн догдлолоор амлалтаа бүү нэм. Үргэлжлэх харилцах аргаа шалга.	Нөөцгүй төлөвлөгөөнд зөвхөн хүчээ өгч байна уу. Хүрээг багасгаж хэрэгжих нөхцөлийг бүрдүүл.	Эхлэхэд саад болсон нэг шалтгааныг ол. Зөвхөн тэр саадыг арилгах ажил сонго.	Эхэлж чадахгүйг залхуурал бүү гэж шийд. Зорилго өөрт тохирсон эсэхийг ч шалга.
23	ja	upright	複数の道を比較し、自分の意思で選べることに気づくカードです。他者の方法を知ることで、選択肢が広がります。	関係の進め方を一つに決めつけず、二人の希望を並べましょう。違いは相談の材料になります。	別の手順や協力先を比較する読みです。慣れた案にも、代案にも同じ基準を使ってください。	選択肢を二つ以上書き、利点と負担を比べましょう。決める日も設定してください。	選べることと、全部を同時に引き受けることは別です。使える時間を確認しましょう。
23	mn	upright	Олон замыг харьцуулж өөрийн хүсэлээр сонгож болохыг сануулна. Бусдын аргыг мэдвэл сонголт өргөжинө.	Харилцааны ганц зөв зам гэж бүү үз. Хоёр талын хүсэл, ялгааг ярилцах материал болго.	Өөр арга, хамтрагчийг харьцуулах үе. Дассан болон шинэ хувилбарт ижил шалгуур хэрэглэ.	Хоёроос олон сонголтын ашиг, ачааг бич. Шийдэх өдрөө ч тогтоо.	Сонголттой байх нь бүгдийг зэрэг үүрэх биш. Боломжит цагаа шалга.
23	ja	reversed	望んでいることと選んでいる道のずれを点検するカードです。理由なく方針を変えることも、意味を失った目標に固執することもあります。	本音と違う返事を重ねていませんか。相手に合わせる前に、自分の希望を言葉にしましょう。	変更の理由を共有しないと、協力者が迷います。目的と条件を確認して方針を決め直してください。	今の選択を続ける理由を書いてください。説明できない部分は再検討しましょう。	他者の意見を聞くことを、主導権の喪失と考えないでください。最後の選択は自分でできます。
23	mn	reversed	Хүссэн зүйл, сонгосон замын зөрүүг шалгана. Шалтгаангүй чиглэл солих эсвэл утгаа алдсан зорилгод зууралдах аль аль байж болно.	Үнэн хүсэлтэйгээ зөрсөн хариуг давтсан уу. Нийцүүлэхээс өмнө өөрийн хүслээ хэл.	Өөрчлөлтийн учрыг хэлэхгүй бол хамтрагч төөрнө. Зорилго, нөхцөлөө шалгаж чиглэлээ шинэчил.	Одоогийн сонголтоо үргэлжлүүлэх шалтгаанаа бич. Тайлбарлаж чадахгүй хэсгээ дахин бод.	Бусдыг сонсохыг эрхээ алдах гэж бүү үз. Эцсийн сонголтоо өөрөө хийж болно.
24	ja	upright	計画を動かし、慣れた範囲の外へ踏み出すカードです。考えたことを実際に試すことで、次の課題と可能性が見えてきます。	将来の話を具体的な予定へ変えてください。小さな共同の経験が理解を深めます。	企画の最初の工程を始める読みです。担当と完成条件を決め、進み具合を確認しましょう。	準備済みの計画から一つ選んで着手してください。反応を記録し、次の改善につなげましょう。	始める勢いだけで完了はしません。最後まで運ぶ段取りも残してください。
24	mn	upright	Төлөвлөгөөг хөдөлгөж дассан хүрээнээс гарахыг өгүүлнэ. Санаагаа туршвал дараагийн бэрхшээл, боломж тодорно.	Ирээдүйн яриаг бодит төлөвлөгөө болго. Жижиг хамтын туршлага ойлголтыг гүнзгийрүүлнэ.	Төслийн эхний шатыг эхлэх үе. Хариуцагч, дуусах шалгуураа тогтоон ахицыг шалга.	Бэлэн нэг төлөвлөгөөгөө эхлүүл. Хариуг тэмдэглэж дараагийн сайжруулалтад ашигла.	Эхлэх эрч дангаараа дуусгахгүй. Төгсгөлд хүргэх зохион байгуулалтаа үлдээ.
24	ja	reversed	何をするか分かっていても、着手や完了が遅れている状態を示します。曖昧な役割や新しさへのためらいが、前進を止めていないか確認しましょう。	将来の約束だけで今の行動が伴っていない場合があります。実行できる予定を一つ決めてください。	担当の不明確さを先に解消しましょう。作業を分け、最初の期限を短く設定してください。	未着手の仕事を最小の一工程に分けてください。その工程だけを終えてから次を考えましょう。	準備を増やすことが先延ばしになっていないか見直してください。必要十分な情報で試す余地もあります。
24	mn	reversed	Юу хийхээ мэдсэн ч эхлэл, төгсгөл саатсан байдлыг өгүүлнэ. Үүргийн бүдэг байдал, шинэ зүйлээс тээнэгэлзэх нь зогсоосон эсэхийг шалга.	Ирээдүйн амлалтад одоогийн үйлдэл дутаж болно. Биелүүлэх нэг төлөвлөгөө тохир.	Тодорхойгүй хариуцлагыг эхлээд шийд. Ажлыг хувааж эхний хугацааг богино тогтоо.	Эхлээгүй ажлаа хамгийн жижиг алхам болго. Тэрийг дуусгаад дараагийнхыг бод.	Бэлтгэл нэмэх нь хойшлуулалт болсон эсэхийг шалга. Хангалттай мэдээллээр турших боломж ч бий.
25	ja	upright	共同の努力を喜び合い、居場所を確かめるカードです。節目を祝うことで、次へ向かうつながりが強まります。	特別な結果がなくても、一緒に過ごせる喜びを表してください。二人らしい小さな祝い方を見つけましょう。	チームの達成を共有する読みです。目立つ担当だけでなく、支えた人の貢献も伝えてください。	一区切りついた作業を選んでねぎらいましょう。次の要求を出す前に、達成を味わってください。	全員が同じ形で祝いたいとは限りません。参加方法に余地を残しましょう。
25	mn	upright	Хамтын хичээл зүтгэлийг тэмдэглэж харьяалагдах мэдрэмжээ бататгана. Чухал үеэ баярлах нь цаашдын холбоог бэхжүүлнэ.	Онцгой үр дүнгүй ч хамт байх баяраа илэрхийл. Та хоёрт тохирох жижиг баярыг ол.	Багийн амжилтыг хуваалцах үе. Ил харагдаагүй дэмжлэгийн хувь нэмрийг ч нэрлэ.	Нэг дууссан ажлаа сонгож таларх. Дараагийн шаардлагаас өмнө ололтоо эдэл.	Бүгд ижил байдлаар баярлахыг хүсэхгүй. Оролцооны сонголт үлдээ.
25	ja	reversed	達成しても休めず、喜びや貢献を認められない状態を問いかけます。比較や不満が、共有できる時間を奪っていないか見直しましょう。	関係で足りないことばかり求めていませんか。相手がしてくれた具体的なことを認めてください。	よい仕事への返答が追加の仕事だけになっていないか確認しましょう。ねぎらいと次の依頼を分けてください。	小さな達成を一つ言葉にしてください。休む時間を先に確保しましょう。	祝いに参加できない人を、非協力的と決めつけないでください。負担や事情を尋ねましょう。
25	mn	reversed	Дуусгасан ч амарч, баяр болон хувь нэмрээ хүлээн зөвшөөрч чадахгүйг асууна. Харьцуулалт, гомдол хамтын цагийг булаасан эсэхийг хар.	Зөвхөн дутууг шаардаж байна уу. Нөгөө хүний хийсэн тодорхой зүйлийг үнэл.	Сайн ажилд зөвхөн нэмэлт ажил өгч байгаа эсэхээ шалга. Талархал, дараагийн хүсэлтийг салга.	Жижиг ололтоо үгээр нэрлэ. Амрах цагаа эхэлж хамгаал.	Баярт орж чадаагүйг хамтрахгүй гэж бүү дүгнэ. Ачаалал, нөхцөлийг нь асуу.
26	ja	upright	意見の違いを表に出し、方法を磨くカードです。対立を避けるより、互いの根拠を聞くことで成果がよくなる場合があります。	異なる意見があっても、関係の失敗とは限りません。人格ではなく具体的な希望を話しましょう。	提案を比べ、基準に照らして議論する読みです。異なる作業方法にも試す余地を与えてください。	反対意見の中から役立つ点を一つ探しましょう。共通の目的を確認して議論を進めてください。	声の大きさで結論を決めないでください。話しにくい人の意見も拾いましょう。
26	mn	upright	Саналын ялгааг ил гаргаж аргаа сайжруулахыг өгүүлнэ. Зөрчлөөс зайлсхийхээс илүү үндэслэлийг сонсох нь үр дүнг сайжруулж болно.	Санал зөрөх нь харилцаа бүтэлгүй гэсэн үг биш. Зан чанар бус тодорхой хүсэлтээ ярь.	Саналыг шалгуураар харьцуулан хэлэлцэх үе. Өөр ажлын аргад ч турших зай өг.	Эсрэг саналаас нэг хэрэгтэй тал ол. Нийтлэг зорилгоо бататгаад хэлэлц.	Чанга дуугаар шийдэл бүү тогтоо. Ярихад хэцүү хүний саналыг ч ав.
26	ja	reversed	改善のための議論が、攻撃や反対のための反対へ変わっていないか問います。勝つことに集中すると、本来の目的が遠のきます。	皮肉や挑発で気持ちを伝えないでください。落ち着く時間を取り、困っている点だけを話しましょう。	細かな反論が進行を止めているなら、決定基準と議論の期限を設けてください。人格批判は切り離しましょう。	今の争いで達成したいことを書いてください。目的に役立たない言葉を減らしましょう。	対立を終えるために、必要な異論まで消さないでください。安全に話せる方法へ変えましょう。
26	mn	reversed	Сайжруулах хэлэлцүүлэг дайралт, зөвхөн эсэргүүцэх маргаан болсон эсэхийг асууна. Ялахад төвлөрвөл үндсэн зорилго холдоно.	Ёжлол, өдөөлтөөр мэдрэмжээ бүү дамжуул. Тайвшраад зөвхөн хүндрэлээ ярь.	Жижиг эсэргүүцэл ажлыг зогсоовол шалгуур, хэлэлцэх хугацаа тогтоо. Хувь хүний дайралтыг тусгаарла.	Энэ маргаанаар юунд хүрэхээ бич. Тэр зорилгод хэрэггүй үгээ багасга.	Зөрчлийг дуусгах гэж хэрэгтэй өөр саналыг бүү дар. Тайван хэлэх аргыг өөрчил.
27	ja	upright	努力が評価され、自信を受け取るカードです。称賛を素直に認めることと、支えた人へ敬意を示すことは両立します。	相手のよいところを具体的に伝えましょう。互いの成長を喜べる関係を育ててください。	成果を報告し、適切な評価を受ける読みです。何を工夫したか示すと、次の仕事にも生きます。	受け取った褒め言葉を否定せず記録してください。同時に、協力者へ感謝を伝えましょう。	評価されることだけを行動の動機にしないでください。自分が納得できる基準も持ちましょう。
27	mn	upright	Хичээл зүтгэл үнэлэгдэж өөртөө итгэхийг өгүүлнэ. Магтаалыг хүлээн авах, тусалсан хүнийг хүндэтгэх хоёр зэрэг боломжтой.	Нөгөө хүний сайн талыг тодорхой хэл. Бие биеийн өсөлтөд баярлах холбоог хөгжүүл.	Үр дүнгээ тайлагнаж зохих үнэлгээ авах үе. Арга чармайлтаа тайлбарлавал дараагийн ажилд хэрэгтэй.	Магтаалыг үгүйсгэлгүй тэмдэглэ. Хамтрагчдаа ч таларх.	Үнэлгээг үйлдлийн цорын ганц сэдэл бүү болго. Өөрийн зөвшөөрөх шалгууртай бай.
27	ja	reversed	称賛への渇望や他人への嫉妬が、達成の喜びを曇らせていないか問います。優越感で自分を支えるほど、評価の変動に揺れやすくなります。	相手の成功を自分の価値の低下に結びつけないでください。比較でなく、互いの努力を認めましょう。	成果を独占したり、評価がないだけで仕事を否定したりしていませんか。実際の貢献を整理してください。	他人の目と関係なく満足した仕事を思い出しましょう。その基準を次の目標に使ってください。	形だけの称賛に頼りすぎないでください。具体的なフィードバックを求めるほうが成長につながります。
27	mn	reversed	Магтаалын өлсгөлөн, атаархал амжилтын баярыг бүдгэрүүлсэн эсэхийг асууна. Дээгүүр байх мэдрэмжээр өөрийгөө түшвэл үнэлгээний өөрчлөлтөд савлана.	Нөгөө хүний амжилтыг өөрийн үнэ цэнэ буурсантай бүү холбо. Харьцуулах бус хичээл зүтгэлийг нь үнэл.	Үр дүнг ганцаар өмчлөх эсвэл магтаалгүйгээс ажлаа үгүйсгэсэн үү. Бодит хувь нэмрээ цэгцэл.	Бусдын нүднээс үл хамааран сэтгэл ханасан ажлаа сана. Тэр шалгуурыг дараагийн зорилгод хэрэглэ.	Хэлбэрийн магтаалд хэт бүү найд. Тодорхой санал хүсэх нь өсөлтөд тустай.
28	ja	upright	圧力があっても、自分の価値観や境界線を守るカードです。強く主張することは、相手を傷つけることと同じではありません。	嫌なことには明確に線を引いてください。尊重し合える条件を言葉にしましょう。	不当な要求に、根拠を示して対応する読みです。一人で対抗せず、記録と支援を活用してください。	守りたい基準を一つ決め、伝える文を準備しましょう。必要なら相談相手も確保してください。	勇気を示すために危険を増やさないでください。離れることも境界線を守る方法です。
28	mn	upright	Дарамт байсан ч үнэт зүйл, хил хязгаараа хамгаалахыг өгүүлнэ. Тодорхой байр суурь нь бусдыг шархлуулахтай адил биш.	Хүсэхгүй зүйлдээ тодорхой хил тогтоо. Харилцан хүндлэх нөхцөлөө хэл.	Зохисгүй шаардлагад үндэслэлтэй хариулах үе. Ганцаар сөрөхгүй, бүртгэл ба дэмжлэг ашигла.	Хамгаалах нэг шалгуураа сонгож хэлэх үгээ бэлтгэ. Шаардлагатай бол зөвлөх хүн ол.	Зоригоо харуулах гэж аюул бүү нэм. Холдох нь ч хилээ хамгаалах арга.
28	ja	reversed	助言まで攻撃と受け取ったり、逆に必要な主張を諦めたりしていないか問います。守る対象を明確にすると、過剰な防御を減らせます。	相手の質問を責め言葉と決めつけないでください。何を知りたいのか聞き返しましょう。	建設的な指摘と不当な圧力を分けてください。改善できる部分だけを取り入れましょう。	反射的に反論した場面を振り返ってください。守るべき点と変更できる点を分けましょう。	黙って耐えることも、すべてと争うことも消耗につながります。支援を借りて対応を選んでください。
28	mn	reversed	Зөвлөгөөг ч дайралт гэж үзэх эсвэл хэрэгтэй байр сууриа орхисон эсэхийг асууна. Юугаа хамгаалахаа тодруулбал хэт хамгаалалт багасна.	Асуултыг буруутгал гэж шууд бүү үз. Юуг мэдэхийг хүссэнийг нь лавла.	Бүтээлч санал, зохисгүй дарамтыг ялга. Сайжруулж болох хэсгийг нь ав.	Шууд эсэргүүцсэн нэг мөчөө эргэн хар. Хамгаалах, өөрчилж болох хэсгээ ялга.	Чимээгүй тэвчих ч, бүхэнтэй тэмцэх ч ядраана. Дэмжлэг авч хариугаа сонго.
29	ja	upright	状況の変化に素早く応じ、行動を進めるカードです。計画を固定せず、届いた情報に合わせて調整する柔軟さが役立ちます。	連絡や予定が動くなら、希望を分かりやすく伝えましょう。速さより、互いに無理がないことも大切です。	短い判断と連携で進める場面です。変更点をすぐ共有し、古い予定を更新してください。	今すぐ返せる連絡や決められる作業を一つ済ませましょう。次の担当が動ける情報も添えてください。	急いでも確認を全部省かないでください。取り消しにくい決定ほど、一度立ち止まりましょう。
29	mn	upright	Өөрчлөлтөд хурдан хариулж үйлдлээ урагшлуулахыг өгүүлнэ. Төлөвлөгөөг хатуу барихгүй шинэ мэдээлэлд тааруулах нь тустай.	Холбоо, уулзалт хөдөлбөл хүслээ ойлгомжтой хэл. Хурдаас гадна хоёуланд ачаалалгүй байх нь чухал.	Шуурхай шийдвэр, уялдаагаар ахих үе. Өөрчлөлтийг шууд хуваалцаж хуучин хуваариа шинэчил.	Одоо хариулж болох нэг зурвас, ажлаа дуусга. Дараагийн хүн ажиллах мэдээллийг хавсарга.	Яарсан ч бүх шалгалтыг бүү хас. Буцаахад хэцүү шийдвэрт түр зогс.
29	ja	reversed	急な変化への焦りが、空回りや周囲への催促につながっていないか問います。速く動く前に、情報と順番をそろえる必要があります。	返信を急かすほど行き違いが増える場合があります。要件と希望の期限を落ち着いて伝えましょう。	変わった条件に古い工程を押しつけないでください。依存する作業の順序を確認し直しましょう。	いったん連絡を整理し、優先する一件を決めてください。残りには現実的な返答時期を示しましょう。	混乱を解消するための変更を増やしすぎないでください。一つずつ効果を確かめましょう。
29	mn	reversed	Гэнэтийн өөрчлөлтийн сандрал хий эргэх, бусдыг яаруулахад хүргэсэн эсэхийг асууна. Хурднаас өмнө мэдээлэл, дарааллаа нэгтгэх хэрэгтэй.	Хариу нэхэх тусам үл ойлголцол нэмэгдэж болно. Хэрэг, хүссэн хугацаагаа тайван хэл.	Өөр нөхцөлд хуучин хуваарь бүү тулга. Хамааралтай ажлын дарааллыг дахин шалга.	Холбоо мэдээллээ цэгцэлж нэг чухлыг сонго. Бусдад бодит хариулах хугацаа хэл.	Будлианыг засах гэж хэт олон өөрчлөлт бүү нэм. Нэг нэгээр үр нөлөөг нь шалга.
30	ja	upright	困難の中でも約束を守り、できるところまで続けるカードです。持続する強さには、自分の限界を認めることも含まれます。	これまで積み重ねた信頼を思い出してください。無理を隠さず、守れる約束を続けましょう。	終盤の負担に備え、残る工程を整理する読みです。助けが必要な箇所を早めに共有してください。	完了までの残りを小さく区切りましょう。一つ進むごとに休息も入れてください。	頑張った価値を、限界を超えた量で測らないでください。できた範囲を認めましょう。
30	mn	upright	Бэрхшээл дунд амлалтаа хадгалж чадах хүртлээ үргэлжлэхийг өгүүлнэ. Тууштай хүч өөрийн хязгаарыг хүлээн зөвшөөрөхийг ч багтаана.	Бүтээсэн итгэлээ сана. Хүнд байгаагаа нуухгүй, биелэх амлалтаа үргэлжлүүл.	Төгсгөлийн ачаанд бэлтгэн үлдсэн алхмаа цэгцэл. Тусламж хэрэгтэй хэсгийг эрт хэл.	Дуусах хүртэлх ажлыг жижиглэ. Нэгийг ахих бүрд амралт оруул.	Хичээл зүтгэлийн үнэ цэнийг хязгаар давсан хэмжээгээр бүү хэмж. Чадсан хэсгээ үнэл.
30	ja	reversed	続けることが自己犠牲になったり、最初の反対で諦めたりする両極を問いかけます。守るべき約束と、もう手放すべき負担を分けましょう。	我慢の量を愛情の証明にしないでください。続ける条件を具体的に相談しましょう。	終わりのない作業に力を使い続けていないか点検してください。完了条件や担当を再設定しましょう。	続ける理由とやめる理由を並べてください。今の資源で持続する形を選びましょう。	疲れたときの一度の判断で、全部を放棄しないでください。休んでから決める余地を残しましょう。
30	mn	reversed	Тууштай байдал өөрийгөө золиослох эсвэл эхний эсэргүүцлээр бууж өгөх туйл болсон эсэхийг асууна. Хадгалах амлалт, тавих ачаагаа ялга.	Тэвчсэн хэмжээг хайрын баталгаа бүү болго. Үргэлжлэх нөхцөлөө тодорхой ярь.	Төгсгөлгүй ажилд хүчээ өгсөөр байгаа эсэхийг шалга. Дуусах шалгуур, хариуцагчаа шинэчил.	Үргэлжлүүлэх, зогсоох шалтгаанаа зэрэгцүүл. Одоогийн нөөцөөр үргэлжлэх хэлбэр сонго.	Ядарсан нэг шийдвэрээр бүхнийг бүү орхи. Амраад шийдэх зай үлдээ.
31	ja	upright	重い責任を扱いながら、自分と他者の限界を知るカードです。支える力は、何でも引き受けることではなく、適切に分担することで生きます。	生活や感情の負担が一方に集中していないか確認しましょう。助けてほしい内容を具体的に伝えてください。	作業量と能力の釣り合いを点検する読みです。難しい担当は早めに相談し、支援を手配しましょう。	抱えている仕事を一覧にし、任せられる一つを選んでください。責任の範囲も一緒に伝えましょう。	人を助けるために自分の必要を消さないでください。支援できる上限を決めましょう。
31	mn	upright	Хүнд хариуцлагыг авч явахдаа өөрийн болон бусдын хязгаарыг танихыг өгүүлнэ. Туслах хүч бүхнийг авах бус, зөв хуваарилахад хэрэгжинэ.	Амьдрал, сэтгэлийн ачаа нэг талд төвлөрсөн эсэхийг шалга. Ямар тусламж хүсэж байгаагаа тодорхой хэл.	Ажлын хэмжээ, чадварын нийцлийг шалгах үе. Хэцүү үүргийг эрт ярьж дэмжлэг зохион байгуул.	Үүрсэн ажлаа жагсааж, даатгаж болох нэгийг сонго. Хариуцлагын хүрээг нь ч хэл.	Туслахын тулд өөрийн хэрэгцээг бүү арилга. Туслах дээд хэмжээгээ тогтоо.
31	ja	reversed	断れないまま仕事を増やし、限界を超えていないか問います。他人の判断の結果まで肩代わりすると、負担が繰り返されます。	相手の問題をすべて解決する役になっていませんか。支えることと代わりに背負うことを分けましょう。	残業を前提にした配分を見直してください。減らす作業と延ばす期限を明確に相談しましょう。	新しい依頼に答える前に、現在の余力を確認してください。難しければ代案を添えて断りましょう。	限界まで耐えてから突然消えるより、早い共有が助けになります。小さな負担のうちに伝えましょう。
31	mn	reversed	Татгалзаж чадалгүй ажил нэмж хязгаараа давсан эсэхийг асууна. Бусдын шийдвэрийн үр дагаврыг хүртэл үүрвэл ачаа давтагдана.	Нөгөө хүний бүх асуудлыг шийдэх үүрэгтэй болсон уу. Дэмжих, өмнөөс нь үүрэхийг ялга.	Илүү цагаар ажиллахад тулгуурласан хуваарийг шалга. Хасах ажил, сунгах хугацааг тодорхой ярь.	Шинэ хүсэлтэд хариулахаасаа өмнө тэнхээгээ шалга. Хэцүү бол өөр саналтайгаар татгалз.	Тултал тэвчээд алга болохоос эрт хэлэх нь тустай. Ачаа бага дээр нь хуваалц.
32	ja	upright	自分で試す勇気と、学ぶために意見を求める姿勢を表します。初心者の熱意を大切にしながら、小さな自立を積み重ねましょう。	好奇心を持って相手の世界を知ってください。分かったふりより、素直な質問が交流を広げます。	新しい役割や技能に挑戦する読みです。最初から完成を求めず、途中で助言を受けましょう。	初めての作業を一つ試してください。終えたら、改善点を一つだけ聞きましょう。	自分でやることに固執して、助けを拒まないでください。学ぶことも自立の一部です。
32	mn	upright	Өөрөө турших зориг, сурахын тулд санал хүсэх хандлагыг илэрхийлнэ. Эхлэгчийн урам зоригоор жижиг бие даасан алхам хий.	Сониуч байж нөгөө хүний ертөнцийг тань. Мэдсэн дүрээс илүү чин асуулт харилцааг тэлнэ.	Шинэ үүрэг, чадварыг сорих үе. Шууд төгсийг шаардахгүй, явцад нь зөвлөгөө ав.	Анхны нэг ажлыг турш. Дуусаад нэг сайжруулах санал асуу.	Өөрөө хийхдээ зууралдаж тусламж бүү няцаа. Сурах нь ч бие даах хэсэг.
32	ja	reversed	新しい案に飛びつく一方で、助言を受け入れにくくなっていないか問います。周囲の評価だけで自分を測ると、学びが不安定になります。	相手を喜ばせるために、無理に明るく振る舞っていませんか。興味のあることを自然に話しましょう。	着手する案を増やす前に、一つを試し切ってください。フィードバックを次の改善に使いましょう。	今進めることを一つ選び、他の案はメモに移してください。短い試行期間を決めましょう。	助言を、自分の価値への否定と受け取らないでください。作業への指摘と人格は別です。
32	mn	reversed	Шинэ санаа бүрд үсрэх атлаа зөвлөгөө авахад хэцүү болсон эсэхийг асууна. Өөрийгөө зөвхөн бусдын үнэлгээгээр хэмжвэл сурах явц тогтворгүй болно.	Таалагдах гэж хүчээр өөдрөг харагдаж байна уу. Өөрийн сонирхлыг энгийнээр ярь.	Шинэ ажил нэмэхээс өмнө нэгийг туршиж дуусга. Саналыг дараагийн засварт ашигла.	Одоо хийх нэгийг сонгож бусдыг тэмдэглэлд үлдээ. Богино туршилтын хугацаа тогтоо.	Зөвлөгөөг үнэ цэнийнхээ няцаалт бүү гэж үз. Ажлын санал, зан чанар хоёр өөр.
33	ja	upright	情熱を行動へ移し、停滞に変化を起こすカードです。人を惹きつける勢いを、周囲が参加できる方向へ使いましょう。	率直な誘いや表現が関係を動かす読みです。盛り上がりとともに、相手のペースも確かめてください。	新しい取り組みを先導する場面です。意義を伝え、協力者が動ける役割を示しましょう。	停まっている計画に一つ具体的な行動を起こしてください。実行後の確認まで予定に入れましょう。	大胆さは準備を不要にしません。必要な技能や情報を持っているか確かめてください。
33	mn	upright	Хүсэл тэмүүллээ үйлдэл болгож зогсонги байдалд өөрчлөлт авчрахыг өгүүлнэ. Татах эрчээ бусад хүн оролцох чиглэлд ашигла.	Шулуун урилга, илэрхийлэл харилцааг хөдөлгөж болно. Догдлолтой хамт нөгөө хүний хурдаа шалга.	Шинэ ажлыг манлайлах үе. Утгыг тайлбарлаж хамтрагчид хийх үүрэг өг.	Зогссон төлөвлөгөөнд нэг бодит алхам хий. Дараах шалгалтыг ч хуваарьт оруул.	Зоримог байдал бэлтгэлийг орлохгүй. Хэрэгтэй чадвар, мэдээллээ шалга.
33	ja	reversed	勢いが準備を追い越し、始めたことを終えられなくなっていないか問います。魅力や熱意で相手を押し切ると、後の信頼を失います。	情熱を相手の同意の代わりにしないでください。強く誘う前に、希望を聞きましょう。	次々に企画を増やすより、進行中の完了を優先してください。必要な情報を集め直しましょう。	未完了の一件を選び、最後まで運ぶ手順を書いてください。新規着手を一時的に減らしましょう。	退屈を避けるための方向転換に注意してください。地道な仕上げにも価値があります。
33	mn	reversed	Эрч бэлтгэлээс давж эхэлснээ дуусгаж чадахгүй болсон эсэхийг асууна. Увдис, урам зоригоор хүнийг шахвал дараах итгэл алдагдана.	Хүсэл тэмүүллээ зөвшөөрлийн оронд бүү хэрэглэ. Хүчтэй урихаасаа өмнө хүслийг нь асуу.	Шинэ төсөл нэмэхээс илүү одоогийн ажлаа дуусга. Хэрэгтэй мэдээллээ дахин цуглуул.	Дуусаагүй нэгийг сонгож төгсгөх алхмаа бич. Шинэ эхлэлийг түр цөөл.	Уйтгараас зугтах чиглэл солилтыг анзаар. Тогтуун дуусгалт ч үнэ цэнтэй.
34	ja	upright	人の違いを認めながら、共通の目的へ注意を集めるカードです。温かさと集中力を使い、周囲が力を出しやすい場をつくります。	相手の魅力を認め、自分の希望も率直に示しましょう。互いの独立を尊重すると交流が豊かになります。	散らばった意見から共通点を見つける読みです。話題を整理し、全員が参加できる作業に変えてください。	今の会話や作業の目的を一言で確認しましょう。目立たない人にも発言の機会を渡してください。	人をまとめるために、気持ちを操作しないでください。目的と意図を透明に伝えましょう。
34	mn	upright	Хүмүүсийн ялгааг зөвшөөрч нийтлэг зорилгод анхаарлыг нэгтгэнэ. Дулаан хандлага, төвлөрлөөр хүн бүр чадвараа гаргах орчин бүтээнэ.	Нөгөө хүний сайхныг үнэлж өөрийн хүслээ ч хэл. Бие даасан байдлыг хүндэлбэл холбоо баяжина.	Тарсан саналаас нийтлэг талыг олох үе. Сэдвийг цэгцэлж бүгд оролцох ажил болго.	Одоогийн яриа, ажлын зорилгыг нэг өгүүлбэрээр шалга. Дуу багатай хүнд ч боломж өг.	Нэгтгэхийн тулд мэдрэмжээр бүү удирд. Зорилго, санаагаа ил тод хэл.
34	ja	reversed	注目されたい気持ちが、共同の目的より前に出ていないか問います。不安を埋めるために場を乱すより、必要な承認を率直に求めましょう。	嫉妬を試す行動で愛情を確かめないでください。寂しさや望む関わり方を言葉にしましょう。	自分の案が中心でないと協力しにくくなっていませんか。役立つ貢献を一つ選んでください。	目立つことと貢献することを分けて考えましょう。誰かの集中を助ける行動をしてみてください。	周囲を喜ばせ続けて消耗しないでください。自分の休息も確保しましょう。
34	mn	reversed	Анхаарал хүсэх нь хамтын зорилгоос түрүүлсэн эсэхийг асууна. Итгэлгүйгээ дарах гэж орчныг үймүүлэхийн оронд хэрэгтэй үнэлгээгээ шулуун хүс.	Атаархлыг өдөөж хайрыг бүү шалга. Ганцаардал, хүссэн харилцаагаа үгээр хэл.	Өөрийн санаа төвд биш бол хамтрахад хэцүү болсон уу. Тустай нэг хувь нэмэр сонго.	Анхаарал татах, хувь нэмэр оруулахыг ялга. Хэн нэгний төвлөрөлд туслах үйлдэл хий.	Бусдыг үргэлж баярлуулсаар бүү туйлд. Өөрийн амралтыг ч хамгаал.
35	ja	upright	経験と創造性を組み合わせ、難しい課題を解くカードです。構想を語るだけでなく、実現まで導く責任が伴います。	関係の課題を、一緒につくる解決策として扱いましょう。自分だけで決めず、相手の案も生かしてください。	既存の知識を新しい組み合わせで使う読みです。目的を示し、担当者の力をつなげましょう。	過去に役立った方法を二つ組み合わせてください。今の条件で試せる形へ小さくまとめましょう。	指導力を命令の多さで測らないでください。結果を出せる環境を整えることも役割です。
35	mn	upright	Туршлага, бүтээлч байдлаа хослуулж хэцүү асуудлыг шийдэхийг өгүүлнэ. Зөвхөн алсын хараа ярих бус хэрэгжүүлэх хариуцлага дагалдана.	Харилцааны бэрхшээлийг хамт бүтээх шийдэл гэж үз. Ганцаар шийдэхгүй, нөгөө хүний саналыг ашигла.	Байгаа мэдлэгээ шинэ хослолоор хэрэглэх үе. Зорилгоо хэлж хүмүүсийн хүчийг холбо.	Өмнө тустай байсан хоёр аргыг хослуул. Одоогийн нөхцөлд турших жижиг хэлбэр болго.	Манлайллыг тушаалын тоогоор бүү хэмж. Үр дүн гарах орчин бүрдүүлэх нь ч үүрэг.
35	ja	reversed	能力を誇ることや責任を避ける工夫に、力を使っていないか問います。構想が立派でも、実行が伴わなければ信頼は育ちません。	自分の経験を理由に相手を従わせないでください。今回の問題について対等に話しましょう。	成果の説明だけでなく、実際の担当を引き受けてください。約束した期限と範囲を確認しましょう。	話している目標から一つ選び、具体的な成果物を出してください。進捗を周囲に共有しましょう。	失敗を部下や協力者だけの責任にしないでください。自分の指示や判断も見直しましょう。
35	mn	reversed	Чадвараар гайхуулах, хариуцлагаас бултахад хүчээ зарцуулсан эсэхийг асууна. Сайхан төлөвлөгөөнд үйлдэл үгүй бол итгэл өсөхгүй.	Туршлагаа шалтгаан болгож хүнийг бүү захир. Энэ асуудлыг эрх тэгш ярь.	Үр дүн тайлбарлахаас гадна бодит үүргээ ав. Амласан хүрээ, хугацаагаа шалга.	Ярьсан нэг зорилгоо сонгож бодит бүтээл гарга. Явцаа бусдад хуваалц.	Алдааг зөвхөн ажилтан, хамтрагчид бүү тох. Өөрийн заавар, шийдвэрээ ч шалга.
